,4,5,6,7,8,17,59,61
丝绸设计与工程,1,1,,1,,,,
中医养生保健,,,1,1,,,,4
中医养生保健,,,,,,,,1
中医养生学,,1,1,1,,,,
中医学,9,23,24,11,1,,2,23
中医学,1,1,1,,,,,
中医学,,1,1,,,,,
中医学,1,1,1,,,,,
中医学,2,2,2,,,,,
中医学,1,1,1,,,,,
中医学,,,,,,,,1
中医学,1,1,1,,,,,
中医学,1,1,1,,,,,
中医学,1,1,1,,,,,
中医学,1,1,1,,,,,
中医学,1,1,1,,,,,
中医学,1,1,1,,,,,
中医学,1,1,1,,,,,
中医学,1,1,1,,,,,
中医学,1,1,1,,,,,
中医学,1,1,1,,,,,
中医学,1,1,1,,,,,
中医学五年制,2,2,,,,,,
中医学八年制,2,2,,,,,,
中医学类,1,1,1,,,,,
中医骨伤,,,,1,1,,,2
中国共产党历史,,,,1,1,,,
中国画,,,,,,,,9
中国画,,,,,,,,1
中国画,,,,,,,,1
中国画,,,,,,,,1
中国语言文学,,,,,,,,2
中国语言文学类,,,,12,9,,1,31
中国语言文学类,,,,,,,,1
中国语言文学类,,,,,,,,1
中小企业创业与经营,,,,1,1,,1,2
中草药栽培与鉴定,,1,1,,,,,
中药制药,6,10,8,,,,,
中药学,19,41,34,,,,3,12
中药学,1,1,1,,,,,
中药学类,3,5,5,,,,,
中药生产与加工,,1,1,,,,,
中药资源与开发,3,6,5,,,,,1
中西医临床医学,8,17,14,5,,,,10
中西面点工艺,,,,,,,,3
临床医学,80,118,99,,,,4,25
临床医学,1,1,1,,,,,
临床医学,1,2,,,,,,
临床医学,2,2,2,,,,,
临床医学,2,2,1,,,,,
临床医学,1,1,1,,,,,
临床医学,,1,1,,,,1,
临床医学,2,2,2,,,,,
临床医学,,1,1,,,,,
临床医学,1,1,1,,,,,
临床医学,,1,1,,,,,
临床医学,3,4,1,,,,,
临床医学,1,1,,,,,,
临床医学,1,1,,,,,,
临床医学,1,1,1,,,,,
临床医学,,1,,,,,,
临床医学,,1,,,,,,
临床医学,,1,1,,,,,
临床医学,1,1,,,,,,
临床医学,3,3,1,,,,,
临床医学,1,1,,,,,,
临床医学,1,1,,,,,,
临床医学,1,1,1,,,,,
临床医学,1,1,1,,,,,
临床医学,,1,1,,,,,
临床医学,1,1,1,,,,,
临床医学,,,,,,,,1
临床医学,1,1,1,,,,,
临床医学,1,1,1,,,,,
临床医学,,1,,,,,,
临床医学,1,1,1,,,,,
临床医学,1,1,1,,,,,
临床医学,1,1,1,,,,,
临床医学,1,1,1,,,,,
临床医学,1,1,1,,,,,
临床医学,1,1,1,,,,,
临床医学,1,2,1,,,,,
临床医学,1,1,,,,,,
临床医学五年制,4,2,2,,,,2,
临床医学八年制,4,4,4,,,,2,
临床医学类,3,3,1,,,,,1
临床医学类,1,1,1,,,,,
临床工程技术,1,1,1,,,,,
临床药学,15,20,15,,,,,2
乌克兰语,,,,2,2,,2,
乌尔都语,,,,2,2,,2,
乐器制造与维护,,,,,,,,1
书法学,,,,1,,,,14
书法学,,,,,,,,1
书法学,,,,,,,,1
书法学,,,,,,,,1
云计算技术与应用,1,,,,,,,13
互联网金融,1,1,1,2,1,,2,14
交通工程,35,23,6,1,3,,14,6
交通工程,1,1,,,,,,
交通枢纽运营管理,,,,,,,,1
交通管理,2,,,,2,,1,3
交通管理,,,,,,,,1
交通管理工程,2,2,,,,,2,
交通设备与控制工程,2,1,,,,,1,
交通运营管理,,,,,,,,2
交通运输,33,24,8,,5,,20,8
交通运输,1,1,,,,,1,
交通运输,,,,,,,,1
交通运输,1,1,1,,,,,
交通运输,1,1,,,,,1,
交通运输,1,,,,,,,
交通运输类,14,9,1,,4,,5,2
交通运输类,3,3,,,,,1,
产品艺术设计,,,,2,1,,1,17
产品艺术设计,,,,,,,,1
产品设计,1,,,4,3,,,120
产品设计,,,,,,,,1
产品设计,,,,,,,,1
产品设计,,,,,,,,1
产品设计,,,,,,,,1
产品设计,,,,,,,,1
产品设计,,,,,,,,1
产品设计,,,,,,,,1
产品设计,,,,,,,,1
产品设计,,,,,,,,1
产品设计,,,,,,,,2
产品设计,,,,,,,,1
人力资源管理,5,,,9,1,,4,147
人力资源管理,,,,,,,,1
人力资源管理,,,,,,,,1
人文与传媒类,,,,,,,,1
人文传播类,,,,,,,,1
人文地理与城乡规划,8,2,,3,11,,5,16
人文地理与城乡规划,1,,,,1,,,
人文教育,,,,2,2,,,1
人文教育,,1,,1,1,,,
人文社会科学院,,,,,,,,1
人文科学试验班,,,,1,,,,8
人文科学试验班,,,,,,,,1
人文科学试验班,,,,,,,,1
人文科学试验班,,,,,,,,1
人文科学试验班,,,,,,,,1
人文科学试验班,,,,,,,,1
人文科学试验班,,,,,,,,1
人文类,,,,,,,,1
人物形象设计,,,,1,,,1,14
人物形象设计,,,,,,,,1
人物形象设计,,,,,,,,1
仪器类,3,1,,,,,1,
仪器类,1,,,,,,,
仿真工程,2,,,,,,,2
休闲体育,1,1,1,,,,,20
休闲体育,,,,,,,,1
休闲体育,,,,,,,,1
休闲体育,,,,,,,,1
休闲农业,,,,,,,,1
休闲服务与管理,,,,1,1,,1,7
休闲服务与管理,,,,,,,,1
休闲服务与管理,,,,1,1,,1,
会展策划与管理,1,2,,1,3,,4,25
会展策划与管理,,,,,,,,1
会展类,,1,,,1,,1,2
会展经济与管理,,,,4,4,,3,32
会展经济与管理,,,,,,,,1
会展经济与管理,,,,,,,,1
会展经济与管理,,,,1,1,,1,
会计,7,1,,11,5,,13,230
会计,,,,,,,,1
会计,,,,,,,,1
会计,,,,,,,,1
会计,,,,,,,,1
会计,,,,,,,,1
会计,,,,,,,,1
会计,,,,,,,,1
会计,,,,,,,,1
会计,,,,,,,,1
会计,,,,,,,,1
会计信息管理,,,,,,,,6
会计学,13,4,2,13,5,,7,245
会计学,1,,,,,,,2
会计学,,,,,,,,1
会计学,1,,,1,,,1,
会计学,,,,,,,,2
会计学,,,,,,,,1
会计学,,,,,,,,1
会计学,,,,,,,,1
会计学,,,,,,,,1
会计学,,,,,,,,1
会计学,,,,,,,,1
会计学,1,,,,,,,
会计学,,,,,,,,1
会计学,1,1,1,,,,,
会计学,,,,,,,,1
会计学,,,,,,,,1
会计学,,,,,,,,1
会计学,,,,,,,,1
会计学,,,,,,,,6
会计学,1,,,,,,,
会计学,,,,,,,,1
会计学,,,,,,,,1
会计学,,,,,,,,1
会计学,,,,,,,,1
会计学类,,,,,,,,2
传播与策划,,1,,1,1,,2,7
传播与策划,,,,,,,,1
传播学,,,,2,,,1,18
传播学,,,,,,,,1
传播学,1,1,1,,,,,
伪装与防护工程,2,,,,,,,
体育保健与康复,,,,,,,,3
体育学类,,,,,,,,6
体育学类,,,,,,,,1
体育教育,3,3,3,,,,,54
体育教育,,,,,,,,1
体育教育,,,,,,,,1
体育教育,,,,,,,,10
体育类,,,,,,,,1
体育经济与管理,,,,,,,,13
体育艺术表演,,,,,,,,1
体育运营与管理,1,,,,,,1,9
作战指挥,4,4,2,,,,2,10
作战指挥(武警),,,,,,,,2
作战指挥,2,,,,,,2,
作战指挥,2,,,,2,,2,
作战环境工程,2,,,,,,,
作战环境工程 ,,,,,,,,2
作战环境工程,2,,,,2,,,
作战目标工程,2,2,,,,,2,
作战运筹与任务规划,2,2,,,,,2,
作曲与作曲技术理论,,,,,,,,14
作曲与作曲技术理论,,,,,,,,1
作曲与作曲技术理论,,,,,,,,1
作曲与作曲技术理论,,,,,,,,1
作曲与作曲技术理论,,,,,,,,1
作曲与作曲技术理论,,,,,,,,1
作曲与作曲技术理论,,,,,,,,1
作曲与作曲技术理论,,,,,,,,1
作曲与作曲技术理论,,,,,,,,1
作曲与作曲技术理论,,,,,,,,1
作曲与作曲技术理论,,,,,,,,1
作曲与作曲技术理论,,,,,,,,1
作物生产技术,,,,,,,,1
供热通风与空调工程技术,1,1,,,,,1,4
供用电技术,2,1,,,,,2,4
侦察情报,,,,,,,,4
侦察情报,,,,2,2,,2,
侦察情报,,,,2,2,,2,
侦察情报,2,2,,,2,,4,
侦察情报,,,,2,2,,2,
侦察情报,,2,,,2,,2,
侦察情报,,2,,,2,,2,
侦察情报,,,,2,2,,2,
侦察情报,,,,2,2,,2,
侦察情报,2,,,,,,,
侦察情报,,,,2,2,,2,
侦察情报,,,,2,2,,2,
侦查学,,,,,,,,6
侦查学,,,,,,,,1
侦查学,,,,,,,,1
侦查学,,,,,,,,1
侦测工程,2,,,,,,,
侦测工程,2,,,,,,,
俄语,2,,,4,3,,,54
俄语,,,,,,,,1
保健品开发与管理,,1,1,,,,1,
保密管理,2,1,,,,,1,
保险,,,,,,,,7
保险,,,,,,,,1
保险学,2,1,1,2,1,,1,29
保险学,,,,,,,,1
保险学,,,,,,,,1
保险学,1,,,,,,,
保险学,1,,,1,,,,
信息与计算科学,80,48,31,1,3,,40,26
信息与计算科学,1,,,,,,,
信息与计算科学,1,1,,,,,1,
信息与通信工程类,1,,,,,,,
信息安全,24,11,5,,,,11,4
信息安全,,,,,,,,2
信息安全,2,,,,,,,
信息安全(武警),,,,,,,,2
信息安全与管理,1,,,,1,,1,18
信息对抗技术,9,3,,,,,5,
信息对抗技术,2,,,,,,,
信息对抗技术,2,,,,,,,
信息工程,13,5,1,,,,3,4
信息工程,1,,,,,,,
信息工程,2,,,,,,,
信息工程,1,1,,,,,1,
信息技术与国际服务工程类,1,,,,,,1,
信息技术与电子商务类,1,,,,1,,1,
信息管理与信息系统,78,42,17,6,4,,62,75
信息管理与信息系统,1,,,,1,,1,
信息管理与信息系统,,,,,,,,1
信息管理与信息系统,,,,,,,,1
信息管理与信息系统,,,,,,,,1
信息类,1,,,,,,1,
信息网络安全监察,,,,,,,,1
信息资源管理,2,1,1,,,,1,4
信用管理,2,1,1,1,,,1,5
信用管理,,,,,,,,1
假肢矫形工程,1,1,1,,,,,
健康服务与管理,,,,,,,,8
健康管理,,,1,,1,,1,7
健康管理,,,,,,,,1
健康管理与促进类,,1,1,1,,,,1
健康管理与促进类,,,,,,,,1
健行学院实验班类,,,,,,,,1
健身指导与管理,,,,,,,,3
儿科学,7,10,8,,,,,
儿童发展与教育类,,,,,,,,1
光伏发电技术与应用,,,,,,,,6
光伏工程技术,1,,1,,,,1,1
光伏材料制备技术,,,,,,,,4
光源与照明,4,1,,,,,1,
光电信息科学与工程,60,29,7,,,,22,15
光电信息科学与工程,1,,,,,,,
光电信息科学与工程,1,1,,,,,,
光电信息科学与工程,1,,,,,,,
光电信息科学与工程,1,1,,,,,1,
光电信息科学与工程,2,,,,,,,
光电信息科学与工程,1,,,,,,,
光电信息科学与工程,1,1,,,,,1,
光电制造与应用技术,1,,,,,,1,
光电技术与物理类,1,,,,,,,
光电技术应用,1,,,,,,,1
光通信技术,1,1,,,,,1,
公共事业管理,5,8,8,5,4,,1,88
公共事业管理,,,,,,,,1
公共事业管理,,,,,,,,1
公共事业管理,,,,,,,,1
公共事业管理,,,,1,,,,
公共事业管理,,,,1,,,,
公共事业管理,,,,,,,,3
公共事业管理,,,,,,,,1
公共事业管理,,,,,,,,1
公共事业管理,,,,,,,,1
公共事业管理,,,,,,,,1
公共事务管理,,,,,,,,4
公共关系学,1,,,1,,,,1
公共卫生与卫生管理类,,,,,,,,1
公共卫生与预防医学类,,,,,,,,1
公共卫生管理,,,,,,,,1
公共文化服务与管理,,,,,,,,2
公共管理类,,,,4,3,,,41
公共管理类,,,,,,,,1
公共管理类,,,,,,,,1
公共管理类,,,,,,,,2
公共管理类,1,1,1,,,,,
公共艺术,,,,,,,,20
公共艺术,,,,,,,,1
公共艺术设计,,,,,,,,5
公安情报学,,,,,,,,3
公安管理学,,,,,,,,3
公安管理学,,,,,,,,1
公安视听技术,1,1,,,,,1,1
兵器类,,,,,,,,1
内燃机制造与维修,,,,,,,,1
军事交通工程,2,2,,,,,2,
军事地理信息工程,2,,,,2,,,
军事地理信息工程,2,,,,2,,,
军事大数据工程,2,2,,,,,2,
军事大数据工程(武警),,,,,,,,2
军事海洋学,2,,,,,,,
军事能源工程 ,,,,,,,,2
军事设施工程,2,,,,,,,
军事设施工程 ,,,,,,,,2
军事设施工程,2,,,,,,,
农业工程类,4,2,1,,,,,
农业建筑环境与能源工程,1,1,,,,,,
农业机械化及其自动化,11,8,4,,,,4,
农业水利工程,6,5,4,,,,3,2
农业水利工程,1,1,1,,,,,
农业生物技术,,,,,,,,2
农业电气化,3,3,1,,,,2,
农业类,,,,,,,,2
农业经济管理,,,,,,,,1
农业经济管理类,,,,,,,,3
农业经济管理类,,,,,,,,1
农业装备应用技术,,,,,,,,1
农业资源与环境,2,5,4,,,,,3
农产品加工与质量检测,,1,1,,,,1,1
农产品流通与管理,,,,,,,,1
农学,9,13,13,,,,,2
农学,1,1,1,,,,,
农村区域发展,,,1,1,1,,,4
农村经营管理,,,1,,1,,1,1
农村金融,,1,,1,,,1,
农林经济管理,,,1,1,1,,,15
冶金工程,13,13,5,,1,,4,1
冷链物流技术与管理,,,,,,,,2
出版与电脑编辑技术,,,,,,,,2
出版与电脑编辑技术,,,,,,,,1
出版商务,,,,,,,,1
分子科学与工程,1,1,1,,,,,
分子科学与工程,1,1,1,,,,,
分布式发电与微电网技术,,,,,,,,2
刑事侦查技术,,,,,,,,1
刑事执行,,,1,,,,1,2
刑事科学技术,6,6,2,,,,3,
刑事科学技术,1,1,,,,,1,
制冷与空调技术,2,1,,,,,1,4
制药与分子工程类,1,1,,,,,1,
制药工程,67,79,59,,1,,5,11
制药工程,1,1,1,,,,,
制药设备应用技术,1,,1,,,,1,1
刺绣设计与工艺,,,,,,,,1
力学类,2,1,,,,,,
功能材料,10,10,4,,,,2,1
动植物检疫,2,5,5,,,,,1
动植物检疫,1,1,1,,,,,
动植物检疫,,1,1,,,,,
动植物检疫,1,1,1,,,,,
动漫制作技术,2,1,,2,2,,3,39
动漫制作技术,,,,,,,,1
动漫设计,,,,1,1,,1,10
动物医学,11,18,18,,1,,3,17
生物医学系,1,1,1,,,,,
动物医学类,1,1,1,,,,,
动物生产类,1,2,2,,,,,
动物科学,13,18,18,,,,,6
动物药学,1,4,4,,,,1,2
动物防疫与检疫,,,,,,,,3
动画,,,,1,1,,,112
动画,,,,,,,,1
动画,,,,,,,,1
动画,,,,,,,,1
动画,,,,,,,,1
动画,,,,,,,,1
动画,,,,,,,,1
动车组检修技术,2,1,,,1,,2,3
助产,1,7,9,2,1,,4,18
助产学,,1,1,,,,,
劳动与社会保障,2,,,3,1,,1,26
劳动关系,,,,,,,,2
勘查技术与工程,10,8,3,,1,,2,1
勘查技术与工程,1,1,,,,,,
勘查技术与工程,1,,,,,,,
勘查技术与工程,1,,,,,,,
包装工程,12,10,2,1,,,5,2
包装工程技术,,,,,,,,2
包装策划与设计,,,,,,,,3
包装艺术设计,,,,,,,,1
包装设计,,,,,,,,1
匈牙利语,,,,,,,,1
化妆品技术,,1,1,,,,1,1
化学,42,50,31,,,,1,7
化学 ,,,,,,,,2
化学,1,1,1,,,,,
化学,,1,,,,,,
化学,6,6,3,,,,,
化学化工类,1,1,1,,,,,
化学工程与工业生物工程,1,1,1,,,,,
化学工程与工艺,81,91,46,,,,8,10
化学工程与工艺,1,1,,,,,,
化学工程与工艺,1,1,,,,,,
化学工程与工艺,1,1,1,,,,,
化学工程与工艺,1,1,,,,,,
化学工程与工艺,1,1,,,,,,
化学工程与工艺,1,1,,,,,,
化学教育,,,,,,,,1
化学生物学,4,5,5,,,,,
化学生物环境食品类,1,1,1,,,,,
化学类,22,28,10,,,,2,1
化学类,3,3,,,,,,
化学类,,,,,,,,1
化学类,1,1,,,,,,
化学类,,1,1,,,,,
化学类,1,1,1,,,,,
化工与制药类,23,24,17,,,,,2
化工与制药类,1,1,,,,,,
化工与制药类,1,1,,,,,,
化工与制药类,1,1,,,,,,
化工与制药类,1,1,,,,,,
化工与生物类,1,1,1,,,,,
化工安全技术,,,,,,,,1
化工技术类,,,,,,,,2
化工环境类,1,1,1,,,,,
化工装备技术,,,,,,,,2
医学信息工程,8,3,6,,,,4,4
医学实验技术,5,8,6,,,,1,1
医学影像学,34,33,32,,,,4,4
医学影像技术,34,23,24,,,,11,15
医学技术类,4,5,3,,,,,2
医学技术类,2,1,1,,,,,
医学检验技术,38,61,57,,,,9,26
医学生物技术,,1,1,,,,,1
医学美容技术,,1,2,1,,,,7
医学美容技术,,,,,,,,1
医学营养,,,,,,,,2
医学试验班,1,1,1,,,,,
医学试验班,1,,,,,,,
医学试验班,,1,1,,,,,
医学试验班,,1,1,,,,,
医学试验班类,1,1,1,,,,,
医学试验班类,1,1,,,,,,
医疗器械经营与管理,1,,1,,,,1,
医疗器械维护与管理,1,1,1,,,,,
医疗器械维护与管理,1,,1,,,,1,
医疗设备应用技术,,,,,,,,6
医疗设备应用技术,,,,,,,,1
卫生信息管理,,,,,,,1,3
卫生信息管理,,,,,,,,1
卫生检验与检疫,9,14,12,,,,,2
卫生检验与检疫技术,,2,2,,,,2,
卫生监督,1,1,1,,,,,
印刷媒体技术,,,,,,,,4
印刷工程,3,3,1,,,,1,1
印刷类,,,,,,,,1
印刷设备应用技术,,,,,,,,1
印地语,,,,,,,,1
印度尼西亚语,,,,,,,,7
印度尼西亚语,,,,2,2,,2,
历史学,,,,25,16,,1,12
历史学,,,,1,1,,,
历史学,,,,,,,,1
历史学,,,,1,1,,,1
历史学,,1,,7,4,,,3
历史学(武警),,,,,,,,2
历史学类,,,,9,4,,,7
历史建筑保护工程,2,1,1,,,,,
历史教育,,,,,,,,1
发电厂及电力系统,2,1,,,,,2,5
发电厂及电力系统,,,,,,,,1
口腔医学,47,58,48,,,,2,17
口腔医学,2,3,,,,,,
口腔医学,1,1,1,,,,,
口腔医学,1,,1,,,,,
口腔医学,1,1,,,,,,
口腔医学,2,3,1,,,,,1
口腔医学,1,1,,,,,,
口腔医学,,1,,,,,,
口腔医学八年制,,2,2,,,,,
口腔医学技术,2,3,3,1,,,,12
口腔医学技术,,,,,,,,1
古建筑工程技术,,,,,,,,1
古生物学,,,,,,,,1
司法信息安全,1,1,,,,,1,
司法助理,,,,,,,,3
司法技术类,,,,,,,,1
司法警务,,1,,,1,,,1
司法鉴定技术,,,,,,,,1
司法鉴定技术,,,,,,,,1
司法鉴定技术,,,,,,,,1
听力与言语康复学,2,,2,,,,2,1
呼吸治疗技术,,,,,,,,1
品牌代理经营,,,,,,,,1
哲学,1,,,4,3,,,15
哲学(武警),,,,,,,,2
哲学,,,,,,,,1
哲学类,,,,,,,,6
商务数据分析与应用,,,,1,1,,1,2
商务日语,,,,1,1,,1,19
商务日语,,,,,,,,1
商务管理,1,,,1,,,1,5
商务经济学,,,,,,,,2
商务经纪与代理,,,,,,,,4
商务英语,3,1,2,12,7,,8,196
商务英语,,,,,,,,1
商务英语,,,,,,,,1
商务英语,,,1,1,,,1,
商学院,,,,,,,,1
商检技术,,,,,,,,1
商科类,,,,,,,,1
园林,16,28,31,3,1,,4,19
园林,1,1,1,,,,,
园林园艺类,,1,1,,,,1,
园林工程技术,1,1,3,1,,,2,16
园林技术,,1,3,,1,,2,19
园林技术,,,,,,,,1
园艺,15,19,20,,,,1,7
园艺,1,1,1,,,,,
园艺,,1,1,,,,,
园艺,1,1,1,,,,,
园艺,,1,1,,,,,
园艺,1,1,1,,,,,
园艺,,1,1,,,,,
园艺技术,,3,6,1,3,,3,9
园艺技术,,,,,,,,1
园艺技术,,,,,,,,1
国内安全保卫,,,,,,,,2
国民经济管理,,,,,,,,1
国防工程及其智能化,2,,,,,,,
国防工程及其智能化 ,,,,,,,,2
国际事务与国际关系,,2,,,2,,2,5
国际事务与国际关系,,,,2,2,,2,
国际商务,2,,1,7,8,,6,70
国际商务,,,,,,,,1
国际商务,,,,,,,,1
国际商务,1,,,1,,,,
国际商务,,,,1,1,,1,
国际商务,,,,,,,,3
国际商务,,,,1,,,1,2
国际商务,,,,,,,,1
国际商务,,,,1,1,,1,
国际政治,1,,,4,1,,,7
国际文化贸易,,,,,,,,1
国际标准舞,,,,,,,,1
国际海事服务类,1,1,,,,,1,
国际经济与贸易,13,9,7,18,15,,12,367
国际经济与贸易,,,,,,,,1
国际经济与贸易,,,,,,,,1
国际经济与贸易,,,,,,,,1
国际经济与贸易,1,,,1,,,,
国际经济与贸易,,,,,,,,1
国际经济与贸易,,,,,,,,1
国际经济与贸易,,,,,,,,1
国际经济与贸易,,,,,,,,1
国际经济与贸易,,,,,,,,1
国际经济与贸易,,,,,,,,1
国际经济与贸易,,,,,,,,1
国际经济与贸易,,,,,,,,1
国际贸易实务,1,,,3,6,,5,29
国际贸易实务,,1,1,,,,1,
国际贸易实务,,,,1,1,,1,
国际贸易实务,,,,1,1,,1,
国际邮轮乘务管理,,,,1,1,,1,10
国际金融,,1,1,,,,,13
图书情报与档案管理类,,,,1,1,,,3
图文信息处理,,,,,,,,1
土地整治工程,,,,,,,,1
土地资源管理,3,4,1,1,9,,6,9
土地资源管理,,,,,,,,1
土建施工类,,,,,,,,2
土建施工类,2,1,,,1,,2,1
土木工程,180,101,21,1,9,,63,59
土木工程 ,,,,,,,,2
土木工程,1,,,,,,,
土木工程,1,,,,,,,
土木工程,1,,,,,,,
土木工程,2,,,,,,,
土木工程,1,,,,,,,
土木工程,1,,,,,,,
土木工程,2,1,1,,1,,1,
土木工程,1,1,1,,,,,
土木工程,1,1,,,,,1,
土木工程,1,1,,,,,1,
土木工程,1,1,,,,,1,
土木工程,1,,,,,,,
土木工程,1,1,,,,,1,
土木工程检测技术,,,,,,,,1
土木工程类,1,,,,,,1,
土木建设类,1,,,,,,1,
土木类,44,28,4,,,,13,1
土木类,10,6,1,,1,,4,1
土木类,1,1,,,,,,
土木类,1,1,,,,,,
土木类,1,,,,,,,
土木类,1,1,,,,,1,
土木类,1,1,,,,,1,
土耳其语,,,,,,,,2
土耳其语,,,,2,2,,2,
地下与隧道工程技术,1,1,,,,,2,2
地下水科学与工程,3,3,1,,,,1,1
地球信息科学与技术,2,,,,,,,
地球化学,1,1,1,,,,,
地球物理学,7,6,1,,1,,2,
地球物理学类,2,,,,,,,
地理与环境科学类,1,1,,,1,,,
地理信息科学,27,7,5,,24,,20,14
地理信息科学,,1,1,,1,,,
地理信息科学,1,,,,1,,1,
地理科学,5,1,4,4,11,,2,14
地理科学,,,,,,,,1
地理科学,1,1,,1,2,,,
地理科学,2,,,,2,,,
地理科学类,6,4,,,7,,1,5
地理科学类,,,,,,,,1
地籍测绘与土地管理,,,,,,,,2
地质学,2,2,1,,,,1,3
地质学类,4,5,2,,,,,
地质学类,1,1,,,,,,
地质工程,14,12,3,,1,,3,
地质类,6,7,3,,1,,1,
地质类,1,1,,,,,,
地质调查与矿产普查,,,,,1,,,1
地雷爆破与破障工程,2,,,,,,,
场站管理工程,2,,,,,,,
场站管理工程,2,,,,,,,
场站管理工程,2,,,,,,,
场站管理工程,2,,,,,,,
场站管理工程,2,,,,,,,
场站管理工程,2,,,,,,,
城乡规划,51,19,9,11,30,,16,24
城乡规划,,,,,,,,1
城乡规划与建设类,1,,,,1,,1,
城市信息化管理,1,,,1,,,1,
城市信息化管理,1,,,,,,1,
城市地下空间工程,21,13,2,,,,9,3
城市燃气工程技术,,,,,,,,1
城市管理,,,,,,,,9
城市管理,,,,,,,,1
城市轨道交通供配电技术,1,,,,1,,1,2
城市轨道交通工程技术,2,1,,,,,1,8
城市轨道交通机电技术,4,2,,,1,,4,6
城市轨道交通机电技术,1,,,,,,1,
城市轨道交通机电技术,,,,,1,,1,
城市轨道交通类,,,,,,,,1
城市轨道交通车辆技术,3,2,,,1,,3,9
城市轨道交通运营管理,5,1,,,4,,5,20
城市轨道交通通信信号技术,2,1,,,1,,2,9
城规园林类,,,1,,1,,,
基础医学,6,9,5,,,,,
基础医学,1,1,1,,,,,
基础医学,,,,,,,,1
基础医学,,1,1,,,,,
基础医学八年制,2,2,4,,,,2,
壮医学,,,,,,,,1
声像工程技术,1,1,,,,,1,
声学,1,,,,,,,
复合材料与工程,10,11,1,,,,2,1
复合材料工程技术,1,,,,,,,
复合材料工程技术,,,,,,,,1
外交学,1,2,,1,3,,2,1
外国语言文学,,2,,,2,,2,
外国语言文学类,,,,1,1,,,49
外国语言文学类,,,,,,,,1
外国语言文学类,,,,,,,,1
外国语言文学类,,,,,,,,12
外国语言文学类,,,,,,,,1
外国语言文学类,,,,,,,,1
外国语言文学类,,,,1,1,,,
外国语言文学类,,,,1,1,,,
外国语言文学类,,,,2,2,,2,
外国语言文学类,,,,,,,,1
外国语言类,,,,,,,,1
大数据工程,4,,,,,,,
大数据工程,2,,,,,,,
大数据技术与应用,1,1,,1,,,2,3
大数据类,1,,,,,,1,
大气探测技术,,,,,,,,1
大气探测技术,,,,,,,,1
大气探测技术,,,,,,,,1
大气科学,7,3,2,,,,1,
大气科学技术,,,,,,,,1
大气科学类,4,,,,,,,
大气科学类,1,,,,,,,
天文学,3,1,,,,,1,
天文学类,1,,,,,,,
太阳能光热技术与应用,,,,,,,,1
妇幼保健医学,,,,,,,,1
婚庆服务与管理,,,,,,,,3
婚庆服务与管理,,,,,,,,1
媒体营销,,,,,,,,1
学前教育,,,1,7,5,,,124
学前教育,,,,,,,,1
学前教育,,,,1,,,1,11
学前教育,,,,,,,,1
学前教育,,,,1,1,,1,
学前教育,,,,,,,,1
安全健康与环保,,,,,,,,2
安全工程,51,48,7,,2,,20,7
安全工程,1,1,,,,,,
安全工程,1,,,,,,,
安全技术与管理,1,1,,,,,1,4
安全科学与工程类,2,2,1,,,,,1
安全科学与工程类,1,1,,,,,,
安全防范工程,1,1,,,,,1,
安全防范技术,2,1,2,,,,1,1
安全防范技术,,,,,,,,1
宝玉石鉴定与加工,,,,,,,1,6
宝石及材料工艺学,5,6,3,,,,1,7
实验艺术,,,,,,,,3
宠物养护与驯导,,,1,1,,,1,5
审计,,,,,,,,13
审计,,,,,,,,1
审计,,,,,,,,1
审计学,2,,,2,,,2,65
审计学,,,,,,,,1
审计学,,,,,,,,1
审计学,,,,,,,,2
审计评估类,,,,,,,,1
室内艺术设计,,,,1,1,,1,20
家具艺术设计,,,,,,,,1
家具设计与制造,,,,1,,,1,1
家具设计与制造,,,,,,,,1
家政服务与管理,,,,,,,,1
密码学,2,,,,,,,
密码工程,2,,,,,,,
导弹工程,6,2,,,,,2,2
导弹工程,2,,,,,,,
导弹工程,2,,,,,,,
导弹维修,,,,,,,,1
导游,,,,1,1,,1,12
导游,,,,,,,,1
导航工程,5,3,,,,,3,
导航工程,2,,,,2,,,
导航工程,4,,,,2,,,
小学教育,1,2,2,5,3,,1,36
小学教育,,,,,,,,8
小学教育,,,,,,,,1
小学教育,,,,,,,,1
小学教育,,,,,,,,1
小学教育,1,,,,,,,
展示艺术设计,,,,2,2,,2,8
岩土工程技术,1,,,,,,,
嵌入式技术与应用,1,,,,,,1,2
工业分析技术,1,2,2,,,,,5
工业分析技术,,,,,,,,1
工业工程,25,18,9,,1,,13,21
工业工程,1,,,,,,1,
工业工程,1,1,,,,,,
工业工程类,3,1,1,,,,,
工业工程类,3,2,1,,,,1,
工业机器人技术,7,3,,,1,,5,51
工业设计,59,41,10,21,4,,22,50
工业设计,1,1,,,,,1,
工业设计,,,,,,,,1
工业设计,,,,,,,,1
工业设计类,1,1,,1,,,,
工业设计,,,,,,,,2
工业过程自动化技术,,,,,,,,3
工商企业管理,2,2,,5,4,,6,59
工商企业管理,,,,,,,,1
工商企业管理,,,,,,,,1
工商企业管理,,,,,,,,1
工商管理,9,3,1,11,7,,5,177
工商管理,,,,,,,,1
工商管理,,,,,,,,1
工商管理,,,,,,,,1
工商管理,,,,,,,,1
工商管理,,,,,,,,1
工商管理,1,1,,,,,,
工商管理,,,,1,1,,1,
工商管理,,,,,,,,1
工商管理,,,,,,,,1
工商管理,1,,,,,,,
工商管理,,,,,,,,1
工商管理,,,,,,,,1
工商管理,,,,,,,,1
工商管理,,,,,,,,1
工商管理,,,,,,,,1
工商管理,1,,,,,,,
工商管理,,,,,,,,1
工商管理,,,,,,,,1
工商管理,,,,,,,,1
工商管理类,8,5,,4,4,,3,126
工商管理类,,,,,,,,1
工商管理类,,,,,,,,1
工商管理类,,,,,,,,1
工商管理类,,,,,,,,1
工商管理类,1,,,1,,,,44
工商管理类,,,,,,,,1
工商管理类,,,,,,,,1
工商管理类,,,,,,,,1
工商管理类,,,,,,,,1
工商管理类,,,,,,,,1
工商管理类,,,,,,,,1
工商管理类,,,,,,,,1
工商管理类,,,,,,,,1
工商管理类,,,,,,,,1
工商管理类,1,1,,,,,1,
工商管理类,,,,,,,,1
工商管理类,,,,,,,,1
工商管理类,,,,,,,,1
工商管理类,,,,,,,,1
工科类,1,1,1,,,,,
工科试验班,5,2,1,,,,,
工科试验班,1,1,1,,,,,
工科试验班,1,,,,,,,
工科试验班,1,,,,,,,
工科试验班,1,,,,,,,
工科试验班,1,1,,,,,,
工科试验班,1,,,,,,,
工科试验班,1,,,,,,,
工科试验班,1,1,,,,,,
工科试验班,1,1,,,,,,
工科试验班,1,1,1,,,,,
工科试验班,1,,,,,,,
工科试验班,1,,,,,,,
工科试验班,1,1,,,,,,
工科试验班,1,1,,,,,,
工科试验班,1,,,,,,,
工科试验班,1,,,,,,,
工科试验班,1,,,,,,,
工科试验班,1,,,,,,,
工科试验班,1,,,,,,,
工科试验班,1,,,,,,,
工科试验班,1,1,,,,,,
工科试验班,1,,,,,,,
工科试验班,1,,,,,,,
工科试验班,1,1,1,,,,,
工科试验班,1,,,,,,,
工科试验班,1,,,,,,,
工科试验班,1,,,,,,,
工科试验班,1,,,,,,,
工科试验班,1,1,,,,,,
工科试验班,1,,,,,,,
工科试验班,,,,,,,,1
工科试验班,,,,,,,,1
工科试验班,1,1,,,,,,
工科试验班,1,,,,,,,
工科试验班,1,,,,,,,
工科试验班,1,,,,,,,
工科试验班,1,,,,,,,
工科试验班,1,,,,,,,
工科试验班,1,,,,,,,
工科试验班,1,,,,,,,
工科试验班,1,,,,,,,
工科试验班,1,1,1,,,,,
工科试验班,1,1,,,,,,
工科试验班类,3,,,,,,,
工科试验班类,1,1,1,,,,,
工科试验班类,,1,,,,,,
工科试验班类,1,1,1,,,,,
工科试验班类,1,1,,,,,,
工科试验班类,1,1,1,,,,,
工科试验班类,1,,,,,,,
工科试验班类,1,1,1,,,,,
工程力学,23,13,8,,,,6,2
工程力学,1,1,,,,,,
工程力学,1,,,,,,,
工程力学,1,1,,,,,,
工程安全评价与监理,1,,1,,,,1,1
工程机械运用技术,1,1,,,,,1,7
工程测量技术,1,,,,3,,2,15
工程测量技术,,,,,,,,1
工程测量技术,,,,,,,,1
工程管理,87,53,10,3,7,,54,68
工程管理,,,,,,,,1
工程管理,1,1,,,,,1,
工程管理,,,,,,,,1
工程造价,47,31,4,6,3,,32,165
工程造价,,,1,1,1,,,1
工程造价,1,,,,1,,1,
工艺美术,,,,1,1,,1,22
工艺美术,,,,,,,,1
工艺美术品设计,,,,1,,,1,8
市场营销,13,6,3,21,19,,17,346
市场营销,,,,,,,,1
市场营销,,,,,,,,1
市场营销,,,,,,,,1
市场营销,,,,,,,,1
市场营销,1,,,1,,,1,
市场营销,,,,,,,,1
市场营销,,,,,,,,1
市场营销,,,,,,,,1
市场营销,,,,,,,,1
市场营销类,,,,,,,,3
市场营销类,,,,,,,,3
市场营销类,,,,,,,,1
市政工程技术,5,4,1,3,1,,7,10
市政工程技术,1,,,1,,,1,
市政工程技术,1,,,1,,,1,
师范类,1,,,,,,1,
师范类,,,,,,,,1
希伯来语,,,,,,,,1
希伯来语,,,,2,2,,2,
希腊语,,,,,,,,1
希腊语,,,,2,2,,2,
幼儿发展与健康管理,,,1,1,,,1,12
广告学,1,1,,7,3,,5,95
广告学,,,,,,,,1
广告学,,,,,,,,1
广告学,,,,,,,,1
广告学,,,,,,,,1
广告学,,,,,,,,1
广告学,,,,1,1,,1,
广告学,,,,,,,,1
广告设计与制作,1,,,2,2,,1,43
广告设计与制作,,,,,,,,1
广告设计与制作,,,,,,,,1
广播影视类,,,,,,,,3
广播影视类,,,,,,,,2
广播影视节目制作,,,,,,,,5
广播电视学,1,1,,9,6,,1,38
广播电视学,,,,,,,,1
广播电视工程,3,2,,,,,1,3
广播电视技术,,,,,,,,3
广播电视编导,,,,1,1,,,64
广播电视编导,,,,,,,,1
广播电视编导,,,,,,,,1
广播电视编导,,,,,,,,1
广播电视编导,,,,,,,,1
广播电视编导,,,,,,,,2
广播电视编导,,,,,,,,1
广播电视编导,,,,,,,,1
广播电视编导,,,,,,,,1
广播电视编导,,,,,,,,1
广播电视编导,,,,,,,,1
广播电视编导,,,,,,,,1
应用俄语,,,,,,,,5
应用化学,89,99,62,,,,5,13
应用化学,1,1,,,,,,
应用化学,1,1,,,,,,
应用化学,1,1,,,,,,
应用化学,1,1,,,,,,
应用化学,1,1,,,,,1,
应用化学,,1,,,,,,
应用化工技术,4,5,3,,,,1,10
应用外语,,,,,,,,1
应用外语,,,,,,,,1
应用外语,,,,,,,,1
应用外语,,,,,,,,1
应用德语,,,,,,,,8
应用德语,,,,,,,,1
应用心理学,12,9,14,4,2,,2,58
应用心理学,,,,,,,,1
应用心理学(武警),,,,,,,,2
应用日语,,,,1,2,,1,15
应用日语,,,,,,,,1
应用气象学,5,,,,1,,1,
应用法语,,,,1,1,,1,8
应用法语,,,,,,,,1
应用泰语,,,,1,1,,1,
应用物理学,36,21,9,,,,8,1
应用物理学,1,,,,,,,
应用物理学,1,,,,,,,
应用物理学,1,1,,,,,1,
应用物理学,1,,,,,,,
应用生物科学,1,1,1,,,,,
应用生物科学,1,1,,,,,,
应用生物科学,1,1,,,,,,
应用电子技术,21,14,2,1,2,,17,27
应用电子技术,1,,,,1,,1,
应用电子技术,,,,,,,,1
应用电子技术,,,,,,,,1
应用统计学,35,15,11,,,,20,14
应用统计学,1,,,,1,,1,
应用统计学,1,1,1,,,,,
应用统计学,,1,,,,,,
应用统计学,1,,1,,,,1,
应用英语,1,,1,2,2,,2,33
应用英语,,,,,,,,1
应用英语,,,,,,,,1
应用英语,,,,,,,,2
应用英语,,,,,,,,1
应用英语,,,,,,,,1
应用英语,,,,1,1,,1,
应用英语,,,,,,,,1
应用西班牙语,,,1,2,1,,2,7
应用西班牙语,,,,,,,,1
应用西班牙语,,,,,,,,1
应用阿拉伯语,,,,,,,,3
应用韩语,,,1,2,1,,2,20
应用韩语,,,,,,,,1
康复工程技术,,,,,,,,2
康复治疗学,39,34,38,1,,,2,27
康复治疗技术,4,6,7,1,1,,3,21
康复治疗技术,,,,,,,,1
康复治疗类,,1,1,1,,,,1
康复辅助器具技术,,1,1,,,,,
建筑动画与模型制作,,,,,,,,2
建筑学,84,27,11,16,18,,19,41
建筑学,2,,,,,,,1
建筑学,,,,,,,,1
建筑室内设计,,,,,,,,30
建筑室内设计,,,,,,,,1
建筑工程技术,27,13,1,2,7,,20,82
建筑工程技术,,,,,,,,1
建筑工程技术,,,,,,,,1
建筑智能化工程技术,5,3,2,,1,,5,22
建筑材料工程技术,,,,,,,,2
建筑材料检测技术,,,,,,,,1
建筑环境与能源应用工程,60,50,7,,1,,21,9
建筑环境与能源应用工程,1,,,,,,,
建筑电气与智能化,21,9,1,,,,10,6
建筑电气工程技术,1,1,,,,,1,4
建筑类,12,5,2,,4,,2,9
建筑类,,,,,,,,6
建筑类,1,1,,,,,,
建筑经济管理,2,,,2,,,3,4
建筑装饰工程技术,8,2,,7,3,,11,19
建筑装饰工程技术,,,,,,,,1
建筑装饰工程技术,,,,,,,,1
建筑装饰材料技术,,,,,,,,1
建筑设备工程技术,3,2,,1,1,,2,3
建筑设备类,1,1,,,,,1,
建筑设备类,1,,,1,,,1,
建筑设计,4,1,,3,2,,2,14
建筑设计类,,,,,,,,2
建筑设计类,2,1,,1,,,,
建筑钢结构工程技术,2,2,,,,,2,1
建设工程监理,4,3,,,1,,4,20
建设工程管理,6,2,,4,2,,7,26
建设工程管理,,,,,,,,1
建设工程管理,,,,,,,,1
建设工程管理类,,,,,,,,3
建设工程管理类,,,,,,,,1
建设工程管理类,,,,,,,,1
建设项目信息化管理,1,2,,,,,1,2
弹药工程与爆炸技术,4,2,,,,,1,2
录音技术与艺术,,,,,,,,1
录音艺术,,,,,,,,19
录音艺术,1,,,,,,,
录音艺术,,,,,,,,1
录音艺术,,,,,,,,1
影视动画,,,,,,,,26
影视动画,,,,,,,,1
影视动画,,,,,,,,1
影视动画,,,,,,,,1
影视多媒体技术,,,,1,,,1,5
影视多媒体技术,,,,,,,,1
影视摄影与制作,,,,,,,,19
影视摄影与制作,,,,,,,,1
影视摄影与制作,,,,,,,,1
影视摄影与制作,,,,,,,,1
影视摄影与制作,,,,,,,,1
影视摄影与制作,,,,,,,,1
影视摄影与制作,,,,,,,,1
影视照明技术与艺术,,,,,,,,1
影视编导,,,,2,1,,1,7
影视编导,,,,,,,,1
影视美术,,,,,,,,1
微机电系统工程,1,1,,,,,,
微电子技术,,,,,,,,4
微电子科学与工程,20,6,,,,,3,2
微电子科学与工程,2,,,,,,,
德语,3,,,3,2,,,49
德语,,,,2,2,,2,
德语,,,,,,,,1
德语,,,,,,,,1
德语,,,,,,,,1
心理咨询,,,,1,1,,,2
心理学,5,3,4,1,,,,8
心理学,,,,,,,,1
心理学,,,,,,,,1
心理学类,3,2,3,,,,,1
心理学类,,,,,,,,2
快递运营管理,,,1,,1,,1,1
思想政治教育,,,,20,10,,1,24
思想政治教育,,,,1,1,,,
思想政治教育,,,,5,4,,,2
思想政治教育,,,,,,,,2
思想政治教育,,,,1,,,,
思想政治教育(武警),,,,,,,,2
意大利语,,,,,,,,12
意大利语,,,,2,2,,2,
戏剧与影视学类,,,,1,,,,5
戏剧与影视学类,,,,,,,,3
戏剧与影视学类,,,,,,,,1
戏剧与影视学类,,,,,,,,1
戏剧与影视学类,,,,,,,,1
戏剧与影视学类,,,,,,,,1
戏剧与影视学类,,,,,,,,1
戏剧学,,,,,,,,4
戏剧影视导演,,,,,,,,12
戏剧影视导演,,,,,,,,1
戏剧影视导演,,,,,,,,1
戏剧影视导演,,,,,,,,1
戏剧影视导演,,,,,,,,1
戏剧影视文学,,,,2,1,,,25
戏剧影视文学,,,,,,,,1
戏剧影视文学,,,,,,,,1
戏剧影视文学,,,,,,,,1
戏剧影视文学,,,,,,,,1
戏剧影视文学,,,,,,,,1
戏剧影视美术设计,,,,,,,,29
戏剧影视美术设计,,,,,,,,1
戏剧影视美术设计,,,,,,,,1
戏剧影视美术设计,,,,,,,,1
戏剧影视美术设计,,,,,,,,1
戏剧影视美术设计,,,,,,,,2
戏剧影视美术设计,,,,,,,,1
戏剧影视美术设计,,,,,,,,1
戏剧影视美术设计,,,,,,,,1
戏剧影视美术设计,,,,,,,,1
戏剧影视表演,,,,,,,,12
房地产开发与管理,3,1,,1,,,1,22
房地产检测与估价,,,,,,,,1
房地产类,,,,,,,,1
房地产经营与管理,3,1,1,4,5,,6,8
手语翻译,,,,,,,,1
技术科学试验班,1,1,,,,,,
投资与理财,3,,1,3,,,6,22
投资与理财,,,,,,,,1
投资与理财,,,,,,,,1
投资学,2,1,,,1,,,38
抢险救援指挥与技术,1,1,,,,,,
护理,5,16,17,5,,,6,66
护理,,,,,,,,1
护理,,,,,,,,1
护理,,,,,,,,1
护理,,,,,,,,2
护理,,,,,,,,2
护理,,,,,,,,1
护理,,,,,,,,2
护理,,,,,,,,1
护理学,27,60,58,7,,,5,59
护理学,,1,1,1,,,,
护理学,,1,1,1,,,,
护理学,,,,,,,,1
护理学,,,,,,,,1
护理学,,,,,,,,1
护理学类,1,1,1,,,,,2
护理学类,,1,1,,,,,
护理类,1,1,1,,,,,2
护理类,,2,2,1,,,1,3
报关与国际货运,,,,1,2,,2,38
报关与国际货运,,,,,,,,1
指挥信息系统工程,6,2,,,,,2,10
指挥信息系统工程,2,,,,,,,
指挥信息系统工程,2,2,,,,,2,
指挥信息系统工程,2,,,,,,,
指挥信息系统工程(武警),,,,,,,,2
指挥信息系统工程,2,,,,,,2,
指挥信息系统工程,2,,,,,,,
指挥信息系统工程,2,2,,,,,2,
探测制导与控制技术,7,5,,,,,5,
摄影,,,,,,,,33
摄影,,,,,,,,1
摄影,,,,,,,,1
摄影,,,,,,,,1
摄影,,,,,,,,1
摄影,,,,,,,,1
摄影与摄像艺术,,,,,,,,3
摄影摄像技术,,,,1,,,1,8
摄影测量与遥感技术,,,,,,,,1
播音与主持,,,,,,,,12
播音与主持艺术,,,,,,,,74
播音与主持艺术,,,,,,,,1
播音与主持艺术,,,,,,,,1
播音与主持艺术,,,,,,,,1
播音与主持艺术,,,,,,,,1
播音与主持艺术,,,,,,,,1
播音与主持艺术,,,,,,,,1
播音与主持艺术,,,,,,,,1
放射医学,1,1,1,,,,,
放射治疗技术,1,,,,,,,
政治学、经济学与哲学,,,,,,,,1
政治学、经济学与哲学,,,,,,,,1
政治学与行政学,1,,,5,2,,1,10
政治学类,,,,,,,,5
政治学类,,,,,,,,3
政治学类,,,,1,1,,,
政治社会管理类,,,,1,,,,
救助与打捞工程,1,1,1,,,,,
教育与心理学类,1,,,,,,1,
教育学,,,,1,,,1,15
教育学,,,,,,,,1
教育学,,,,,,,,1
教育学类,,,,,,,,13
教育学类,,,,,,,,5
教育学类,,,,,,,,1
教育康复学,,,,,,,,2
教育技术学,20,8,2,3,,,16,8
教育技术学,1,,,,,,1,3
教育技术学,1,1,,,,,1,
教育类,1,,,,,,,2
教育类,,,,,,,,1
数字出版,,,,,,,,3
数字印刷技术,,,,,,,,1
数字图文信息技术,,1,,,1,,1,3
数字媒体应用技术,3,2,1,2,2,,6,30
数字媒体应用技术,,,,,,,,1
数字媒体技术,39,17,6,3,2,,31,30
数字媒体技术,1,1,1,,,,,
数字媒体技术,1,1,,,,,1,
数字媒体技术,1,,,,,,1,1
数字媒体技术,1,1,,,,,1,
数字媒体艺术,,,,2,1,,,76
数字媒体艺术,,,,,,,,1
数字媒体艺术,,,,,,,,1
数字媒体艺术,,,,,,,,1
数字媒体艺术设计,1,,,3,1,,3,44
数字媒体艺术设计,,,,,,,,1
数字媒体艺术设计,,,,,,,,1
数字媒体艺术设计,,,,,,,,1
数字媒体艺术设计,,,,,,,,1
数字媒体设备管理,,,,,,,,1
数字展示技术,,,,,,,,1
数学,2,,,,,,,
数学(武警),,,,,,,,2
数学与应用数学,71,52,31,,1,,24,31
数学与应用数学,,,,,,,,1
数学与应用数学,1,1,1,,,,,
数学与应用数学,10,9,6,,,,2,
数学与应用数学,1,1,2,1,1,,,
数学与应用数学,1,,,,,,,
数学与应用数学,1,1,,,,,1,
数学教育,1,1,,,,,,3
数学类,60,35,21,,,,11,8
数学类,1,,1,,,,1,3
数学类,,,,,,,,1
数学类,1,,,,,,,
数学类,,,,,,,,1
数学类,,,,,,,,1
数学类,1,1,,,,,,
数学类,1,,,,,,,
数学类,,,,,,,,1
数据科学与大数据技术,8,4,3,,,,5,2
数据科学与统计学类,1,,1,,,,1,
数据科学与统计类,1,1,,,,,1,
数控技术,20,11,2,3,2,,18,52
数控技术,,,,,,,,1
数控设备应用与维护,2,1,,,1,,2,3
数理基础科学,1,1,,,,,1,
文创类,,,,,,,,1
文化产业管理,,,,4,2,,3,47
文化产业管理,,,,,,,,1
文化产业管理,,,,,,,,1
文化产业管理,,,,,,,,1
文化创意与策划,,,,,,,,2
文化市场经营管理,,,,2,2,,2,3
文化市场经营管理,,,,1,1,,1,
文化市场经营管理,,,,,,,,1
文化遗产,,,,1,,,,
文学与传播类,,,,,,,,1
文物与博物馆学,1,1,,6,2,,,4
文物保护与修复,,,,,,,,1
文物保护技术,1,1,,1,,,,
文物修复与保护,,,,,,,,4
文科试验班类,,,,2,1,,,1
文科试验班类,,,,1,,,,
文科试验班类,,,,,,,,1
文科试验班类,,,,,,,,1
文秘,,,,11,5,,10,12
文秘,,,,,,,,1
文秘,,,,,,,,1
文秘,,,,,,,,1
文秘,,,,1,,,1,
文秘,,,,1,1,,1,
文秘,,,,,,,,1
新媒体艺术,,,,,,,,1
新能源材料与器件,9,9,1,,,,3,1
新能源材料与器件,1,1,,,,,1,
新能源汽车技术,2,2,,,,,2,17
新能源汽车运用与维修,,,,,,,,3
新能源科学与工程,20,17,2,,,,9,6
新能源科学与工程,1,1,,,,,1,
新闻传播与中国语言文学类,,,,1,1,,,
新闻传播学(武警),,,,,,,,2
新闻传播学类,,,,8,4,,5,46
新闻传播学类,,,,,,,,5
新闻传播学类,,,,,,,,1
新闻出版类,,,,,,,,1
新闻学,1,,,14,8,,3,85
新闻学,,,,,,,,1
新闻学,,,,,,,,1
新闻学,,,,,,,,1
新闻学,1,1,,1,,,,
新闻学,,,,,,,,1
新闻学,,,,,,,,1
新闻学,,,,,,,,1
新闻学,,,,,,,,1
新闻学,,,,1,1,,,
新闻学,,,,,,,,1
新闻采编与制作,,1,,1,,,1,15
新闻采编与制作,,,,1,,,1,
新闻采编与制作,,,,,,,,1
旅游日语,,,,1,1,,1,3
旅游管理,1,,1,19,21,,10,224
旅游管理,,,,,,,,1
旅游管理,,,,,,,,1
旅游管理,,,,,,,,1
旅游管理,,,,,,,,1
旅游管理,,,,,,,,1
旅游管理,,,,1,1,,1,
旅游管理,,,,,,,,1
旅游管理,,,,,,,,1
旅游管理,,,,,,,,1
旅游管理,,,,,,,,1
旅游管理,,,,,,,,1
旅游管理,,,,1,1,,1,
旅游管理,,,,,,,,1
旅游管理,,,,,,,,1
旅游管理,,,,,,,,1
旅游管理与服务教育,,,,,,,,3
旅游管理类,,,,1,1,,1,14
旅游管理类,,,,1,1,,,7
旅游管理类,,,,1,1,,,
旅游类,,,,,,,,3
旅游类,,,1,2,1,,2,8
旅游英语,,,,1,1,,,12
旅游英语,,,,,,,,1
旅行社经营管理,,,,1,1,,1,2
无人作战工程,2,2,,,,,2,
无人机应用技术,3,1,,,,,2,13
无人系统工程,4,,,,,,,4
无人装备工程,4,2,,,,,2,
无人装备工程,2,,,,,,,
无机非金属材料工程,31,33,8,,,,11,1
日语,3,,,10,7,,,188
日语,,,,,,,,1
日语,,,,,,,,2
日语,,,,,,,,1
日语,,,,,,,,2
早期教育,,,,,,,,4
普什图语,,,,2,2,,2,
景区开发与管理,,,,1,1,,1,2
智能交通技术运用,,,,,,,,4
智能产品开发,,,,,,,,8
智能控制技术,4,2,1,,,,4,6
智能电网信息工程,5,4,1,,,,1,1
智能监控技术应用,1,1,,,,,1,1
智能科学与技术,8,5,1,,,,5,1
智能终端技术与应用,,,,,,,,1
有色冶金技术,,,,,,,,1
服装与服饰设计,,,,3,3,,3,106
服装与服饰设计,,,,,,,,1
服装与服饰设计,,,,,,,,1
服装与服饰设计,,,,,,,,1
服装与服饰设计,,,,,,,,1
服装与服饰设计,,,,,,,,1
服装与服饰设计,,,,,,,,1
服装与服饰设计,,,,,,,,1
服装与服饰设计,,,,,,,,2
服装与服饰设计,,,,,,,,1
服装与服饰设计,,,,,,,,1
服装与服饰设计,,,,,,,,1
服装表演,,,,1,1,,1,4
服装表演,,,,,,,,1
服装设计与工程,15,12,2,9,1,,3,11
服装设计与工程,1,1,,1,,,,
服装设计与工程,,,,,,,,1
服装设计与工艺,1,,,2,,,2,5
服装设计与工艺,,,,,,,,1
服装设计与工艺,,,,,,,,1
服装设计与工艺,,,,1,,,1,
服装设计与工艺教育,,,,,,,,2
服装陈列与展示设计,,,,,,,,2
服装陈列与展示设计,,,,,,,,1
朝鲜语,1,,,2,2,,,47
朝鲜语,,,,,,,,1
木材加工技术,,,,,,,,1
木材科学与工程,6,7,5,,,,,3
木材科学与工程,1,1,1,,,,,
本科入学奖学金类,,,,,,,,1
机器人工程,4,1,2,,,,2,1
机场场务技术与管理,,,,,,,,1
机场运行,,,,,,,,6
机场运行,,,,,,,,1
机场运行,,,,,,,,1
机械与交通类,1,,,,,,1,
机械与工业工程类,1,,,,,,,
机械与海洋工程类,1,,,,,,,
机械产品检测检验技术,,,,,,,,2
机械制造与自动化,13,9,2,4,3,,13,41
机械工程,43,16,5,,,,14,14
机械工程,1,,,,,,,
机械工程,1,,,,,,,
机械工程,1,1,,,,,1,
机械工程,2,,,,,,,
机械工程,1,1,1,,,,,1
机械工程,1,1,1,,,,,
机械工程,2,,,,,,,
机械电子工程,60,37,6,,,,32,18
机械电子工程,1,1,,,,,1,
机械电子工程,1,1,,,,,1,
机械电子工程,,,,,,,,1
机械电子工程,,,,,,,,1
机械电子工程,1,,,,,,,
机械电子工程,2,,,,,,,
机械电子工程,,,,,,,,1
机械电子类,1,1,,,,,1,
机械类,77,47,10,1,1,,28,5
机械类,17,10,2,,,,3,4
机械类,1,,,,,,,
机械类,1,,,,,,,
机械类,1,,,,,,,
机械类,1,,,,,,,
机械类,1,1,1,,,,,
机械类,1,1,1,,,,,
机械类,1,1,1,,,,,
机械类,1,,,,,,,
机械类,1,,,,,,,
机械类,1,1,1,,,,,
机械类,1,,,,,,,
机械类,1,1,,,,,,
机械类,1,,,,,,,
机械类,1,,,,,,,
机械类,1,,,,,,1,
机械类,2,,,,,,1,
机械类,1,,,,,,,
机械设计与制造,5,3,,,,,4,18
机械设计与制造,1,,,1,,,1,
机械设计与制造,1,1,,,,,1,
机械设计制造及其自动化,175,101,21,1,,,80,51
机械设计制造及其自动化,,,,,,,,1
机械设计制造及其自动化,1,1,,,,,1,
机械设计制造及其自动化,1,,,,,,,
机械设计制造及其自动化,1,,,,,,,
机械设计制造及其自动化,1,,,,,,1,
机械设计制造及其自动化,1,,1,,,,1,
机械设计制造及其自动化,1,,,,,,,
机械设计制造及其自动化,1,,,,,,1,
机械设计制造及其自动化,1,1,,,,,,
机械设计制造类,1,,,,,,,3
机械设计制造类,2,2,1,,1,,3,
机电一体化技术,31,24,3,1,2,,24,118
机电一体化技术,1,1,,,,,1,
机电一体化技术,1,,,,,,,
机电一体化技术,1,1,,,,,1,
机电一体化技术,,1,,,,,1,
机电一体化技术,1,,,1,,,1,
机电一体化技术,1,1,,,,,1,
机电一体化技术,,,,,,,,1
机电一体化技术,1,,1,,1,,,
机电一体化技术,,,,,,,,1
机电技术教育,1,1,,,,,1,
机电设备类,,,,,,,,1
机电设备类,,,,,,,,1
机电设备维修与管理,3,2,,,,,2,4
材化类,1,1,1,,,,,
材料化学,32,35,17,,,,4,5
材料化学,1,1,,,,,1,
材料化学,1,1,,,,,,
材料化学类,1,1,,,,,,
材料工程技术,,3,1,,,,2,1
材料工程类,1,1,,,,,1,
材料成型与控制技术,2,2,,,,,2,2
材料成型及控制工程,80,65,13,,,,34,12
材料成型及控制工程,1,1,,,,,,
材料成型及控制工程,1,1,,,,,1,
材料物理,14,13,2,,,,4,1
材料物理,1,1,,,,,1,
材料物理,1,,,,,,,
材料科学与工程,60,59,13,,,,6,7
材料科学与工程,1,1,,,,,1,
材料科学与工程,1,1,,,,,,
材料科学与技术,2,2,,,,,2,
材料类,41,42,11,,,,3,3
材料类,4,4,,,,,,1
材料类,1,1,,,,,,
材料类,1,1,,,,,,
材料类,,,,,,,,1
材料类,1,1,,,,,,
材料类,1,1,,,,,,
林业工程类,1,1,,,,,,
林业工程类,1,1,,,,,,
林业技术,,,2,1,1,,,1
林业技术,,,,,,,,1
林业类,,,,,,,,1
林产化工,1,3,,,,,,
林学,6,9,10,,1,,,4
林学,,1,1,,1,,,
林学类,1,2,2,,,,,1
林学类,,1,1,,1,,,
染整技术,,,,,,,,2
染整技术,,1,,,,,1,
柬埔寨语,,,,,,,,1
标准化工程,,,,,,,,1
核化工与核燃料工程,1,2,,,,,1,
核工程与核技术,16,10,1,,,,4,
核工程与核技术,2,,,,,,,
核工程类,5,3,,,,,1,
核工程类,1,,,,,,,
核物理,1,,,,,,,
核生化消防,1,1,,,,,,
档案学,,,,,,,,3
检察事务,,,,,,,,1
森林保护,2,3,3,,1,,,
森林工程,1,,,,1,,1,
森林生态旅游,,,,,,,,1
植物保护,7,11,11,,,,,1
植物保护,,1,1,,,,,
植物保护,,1,1,,,,,
植物保护与检疫技术,,1,1,,,,,2
植物生产类,4,4,4,,,,,3
植物生产类,,1,1,,,,,
植物生产类,,,,,,,,1
植物生产类,,1,1,,,,,
植物生产类,,,,,,,,1
植物科学与技术,1,1,1,,,,,1
模具设计与制造,17,13,2,3,1,,14,38
模具设计与制造,1,,,1,,,1,
模具设计与制造,1,,,1,,,1,
模特与礼仪,,,,,,,,1
歌舞表演,,,,,,,,3
武器发射工程,5,3,,1,,,4,
武器发射工程,2,,,,,,,
武器发射工程,2,,,,,,,
武器发射工程,2,,,,,,,
武器系统与工程,9,5,,,,,5,6
武器系统与工程,2,,,,,,,
武术与民族传统体育,,,,,,,,10
武术与民族传统体育,,,,,,,,1
民政管理,,,,,,,,2
民族传统体育,,,,,,,,2
民族传统技艺,,,,,,,,1
民族学,,,,3,2,,1,2
民族服装与服饰,,,,,,,,1
民族美术,,,,,,,,1
民航安全技术管理,1,1,,,,,,5
民航安全技术管理,,,,,,,,1
民航安全技术管理,,,,,,,,1
民航空中安全保卫,,,,,,,,4
民航运输,1,,,,1,,1,7
民航运输,,,,,,,,1
民航运输,1,1,,,,,,
民航运输,,,,,,,,1
民航运输,,,,,,,,1
民航运输,,,,,,,,1
民航运输,,,,,,,,1
民航运输,1,1,,,,,,
民航通信技术,,,,,,,,1
民航通信技术,1,1,,,,,1,
民航通信技术,1,1,,,,,1,
水产养殖学,9,16,17,,,,,2
水产养殖学,1,1,1,,,,,
水产养殖学,1,1,1,,,,,
水产养殖技术,,1,1,,,,,5
水产类,2,3,3,,,,1,1
水利工程,2,,,,2,,2,3
水利工程,,,,,,,,1
水利工程与管理类,,,,,,,,1
水利水电工程,32,26,5,,1,,14,3
水利水电工程技术,,,,,,,,1
水利水电工程管理,1,,,,1,,1,2
水利水电建筑工程,2,1,,,1,,2,7
水利类,12,10,7,,,,1,
水务工程,2,2,1,,,,,
水土保持与荒漠化防治,2,2,2,,,,,
水声工程,4,3,,,,,2,
水声工程,2,,,,,,,
水文与工程地质,,,,,,,,1
水文与水资源工程,15,13,3,,3,,3,1
水族科学与技术,2,2,3,,,,,
水生动物医学,1,1,1,,,,,
水电站动力设备,,,,,,,,2
水质科学与技术,2,2,1,,,,,
水路运输与海事管理,,,,,,,,4
汉语,,,,,,,,3
汉语国际教育,,,,29,27,,2,87
汉语国际教育,,,,,,,,1
汉语国际教育,,,,,,,,1
汉语言,,,,1,1,,,1
汉语言文学,,,,40,33,,2,152
汉语言文学,,,,,,,,1
汉语言文学,,,,,,,,1
汉语言文学,,,,1,1,,,
汉语言文学,,,,,,,,1
汉语言文学,,,,,,,,1
汉语言文学,,,,,,,,1
汉语言文学,,,,1,,,1,
汉语言文学,,,,,,,,1
汉语言文学,,,,,,,,1
汉语言文学,,,,3,3,,,10
汉语言文学,,,,,,,,2
汉语言文学,,,,,,,,1
汉语言文学,,,,,,,,1
汉语言文学,,,,,,,,1
汉语言文学,,,,1,1,,,1
汉语言文学,,,,,,,,1
汽车制造与装配技术,3,1,,1,,,3,25
汽车制造类,,,,,,,,2
汽车制造类,,,,,,,,1
汽车智能技术,,,,,,,,1
汽车服务工程,33,20,4,1,1,,18,17
汽车服务工程,,,,,,,,1
汽车服务工程,1,1,1,,,,,
汽车检测与维修技术,14,8,,3,3,,15,65
汽车检测与维修技术,,,,,,,,1
汽车电子技术,3,1,,2,,,3,16
汽车营销与服务,7,3,,3,1,,7,48
汽车车身维修技术,,,,,,,,5
汽车运用与维修技术,2,1,,1,,,2,26
油气储运工程,11,9,1,,,,2,1
油气储运技术,,,,,,,,1
治安学,,,,,,,,8
治安学,,,,,,,,1
治安学,,,,,,,,1
法医学,12,13,9,,,,,1
法学,5,2,4,35,24,,1,224
法学,,,,,,,,1
法学,,,,,,,,1
法学,,,,,,,,1
法学,,,,,,,,1
法学,,,,,,,,1
法学,,,,,,,,1
法学,,,,,,,,1
法学,1,1,1,,,,,
法学,,,,,,,,1
法学,,,,1,,,1,
法学,,,,,,,,1
法学,,,,,,,,1
法学,,,,,,,,1
法学,,,,,,,,1
法学(武警),,,,,,,,2
法学,,,,,,,,1
法学,,,,,,,,1
法学,,,,,,,,1
法学,,,,,,,,1
法学,1,,,,,,,
法学,,,,,,,,1
法学,,,,,,,,1
法学,,,,,,,,1
法学,,,,,,,,1
法学,,,,,,,,1
法学,,,,,,,,1
法学,,,,,,,,1
法学,,,,,,,,1
法学,,,,,,,,2
法学,,,,,,,,1
法学,,,,,,,,1
法学,,,,,,,,1
法学,,,,,,,,1
法学,,,,,,,,1
法学类,,,,5,4,,,26
法学类,,,,,,,,1
法学类,,,,,,,,1
法学类,,,,,,,,1
法学类,,,,,,,,1
法律事务,,,,3,3,,,14
法律事务,,,,,,,,1
法律事务,,,,,,,,1
法律事务,,,,,,,,1
法律学院,,,,,,,,1
法律实务类,,,,,,,,2
法律执行类,,,,,,,,1
法律文秘,,,,1,1,,,5
法律文秘,,,,,,,,1
法管类,,,,,,,,1
法语,2,,,6,5,,2,54
法语,,,,,,,,1
法语,,,,,,,,1
波兰语,,,,,,,,2
波斯语,,,,2,2,,2,
泰语,,,,,,,,11
泰语,,,,2,2,,2,
测控工程,2,2,,,,,2,
测控工程,2,,,,,,,
测控工程,2,,,,,,,
测控技术与仪器,94,59,11,,1,,38,12
测控技术与仪器,1,,,,,,1,
测绘地理信息技术,,,,,,,,3
测绘地理信息技术,,,,,,,,1
测绘地理信息技术,,,,,,,,1
测绘工程,35,19,6,,14,,15,8
测绘工程,2,,,,2,,,
测绘工程,2,,,,2,,,
测绘工程,1,,,,,,,
测绘类,8,3,,,4,,2,
测绘类,1,1,,,1,,,
海事管理,,,,1,1,,,2
海关管理,,,,,,,,1
海洋化工技术,1,1,1,,,,,
海洋工程与技术,2,1,,,,,1,
海洋工程技术,,,,,,,,1
海洋工程类,1,,,,,,,
海洋工程类,2,1,,,,,,
海洋技术,9,5,2,,1,,2,
海洋技术,1,1,1,,,,,
海洋油气工程,3,3,,,,,1,
海洋渔业科学与技术,5,6,6,,,,,
海洋生物技术类,1,1,1,,,,,
海洋科学,10,10,9,,,,1,
海洋科学,1,1,1,,,,,
海洋科学类,6,6,4,,,,1,1
海洋药学,,2,1,,,,,
海洋资源与环境,3,3,3,,,,,1
海洋资源开发技术,1,1,,,,,,
海警后勤管理,1,,,,,,,
海警执法,,,,,,,,1
海警舰艇指挥与技术,1,,,,,,,
消防工程,1,2,,,,,,1
消防工程技术,3,3,,,,,3,1
消防指挥,1,1,,,,,,
涉外警务,,,,,,,,3
港口与航运管理,,,,,,,,11
港口与航道工程技术,,,,,,,,5
港口机械与自动控制,1,1,,,,,1,6
港口电气技术,1,1,,,,,1,1
港口航道与海岸工程,17,13,3,,1,,8,2
游戏设计,,,,,,,,8
游戏设计,,,,,,,,1
游艇设计与制造,,,,,,,,1
漫画,,,,,,,,1
漫画,,,,,,,,1
火力指挥与控制工程,4,2,,,,,2,6
火力指挥与控制工程,2,,,,,,,
火力指挥与控制工程,2,,,,,,,
火力指挥与控制工程,2,,,,,,,
火灾勘查,1,1,,,,,,
火电厂集控运行,1,,,,,,1,1
烟草,1,3,3,,,,,
烹调工艺与营养,,1,2,2,1,,2,11
烹饪与营养教育,,,1,1,1,,1,
焊接技术与工程,15,13,1,,,,3,
焊接技术与工程,1,1,1,,,,,
焊接技术与自动化,,,,,,,,7
煤化工技术,,,,,,,,1
物业管理,,,,1,1,,1,14
物流信息技术,,,,,,,,1
物流信息技术,1,,,,1,,1,
物流工程,18,14,7,,3,,8,16
物流工程,,,,,,,,1
物流工程技术,1,,,,1,,1,1
物流管理,24,19,7,10,17,,20,292
物流管理,,,,,,,,1
物流管理,,,,,,,,1
物流管理,,,,,,,,1
物流管理,1,1,,,,,,
物流管理,,,,,,,,1
物流管理,,,,,,,,1
物流管理与工程类,2,2,,,,,1,7
物流管理与工程类,1,,,,1,,1,2
物流类,,,,,,,,1
物流类,,,,,,,,4
物流金融管理,,,,,,,,2
物理与光电材料类,1,,,,,,,
物理学,53,25,14,1,,,11,8
物理学,1,1,1,,,,,
物理学,8,2,2,,,,,
物理学,1,1,1,,,,,
物理学(武警),,,,,,,,2
物理学,1,,,,,,,
物理学类,27,7,2,,,,4,1
物理学类,1,,,,,,,
物理学类,,,,,,,,1
物联网工程,115,50,18,,5,,78,52
物联网工程,1,1,,,,,1,
物联网工程,,,,,,,,1
物联网工程,1,1,,,,,1,
物联网工程,1,,,,,,,
物联网工程,,,,,,,,1
物联网工程技术,,,,,,,,3
物联网应用技术,11,3,1,1,4,,11,51
特殊教育,,,2,1,1,,2,16
特殊教育,,,,,,,,1
特殊教育,,,,,,,,1
特殊教育,,,,,,,,1
特殊教育,,,,,,,,1
特殊教育,,,,1,1,,1,
特种加工技术,,,,,,,,1
特种能源工程与技术,2,,,,,,,
特种能源技术与工程,2,3,,1,,,1,1
特种能源技术与工程 ,,,,,,,,2
犯罪学,,,,,,,,1
玉器设计与工艺,,,,,,,,1
环保设备工程,1,1,,,,,,2
环境与生物科学类,1,1,1,,,,,
环境与食品类,1,1,1,,,,,
环境保护类,1,1,,,,,,1
环境地质工程,,,,,1,,,1
环境工程,102,117,92,,3,,8,16
环境工程,1,1,1,,,,,
环境工程,1,1,1,,,,,
环境工程,1,1,1,,,,,
环境工程,,1,,,,,,
环境工程,1,1,1,,,,,
环境工程,1,1,,,,,,
环境工程技术,1,5,3,1,,,3,15
环境生态工程,6,8,7,,1,,,
环境监测与控制技术,1,4,2,,,,2,6
环境科学,25,32,29,,2,,3,9
环境科学与工程,5,6,4,,,,,2
环境科学与工程类,33,35,27,,1,,1,2
环境科学与工程类,3,2,2,,,,,2
环境科学与工程类,,,,,,,,1
环境科学与工程类,1,1,,,,,,
环境艺术设计,2,2,1,3,3,,4,63
环境艺术设计,,,,,,,,1
环境艺术设计,,,,,,,,1
环境艺术设计,,,,,,,,1
环境艺术设计,,,,,,,,1
环境艺术设计,,,,,,,,1
环境艺术设计,,,,,,,,1
环境艺术设计,,,,,,,,1
环境艺术设计,,,,,,,,1
环境艺术设计,,,,1,1,,1,
环境艺术设计,,,,,,,,2
环境艺术设计,,,,,,,,1
环境规划与管理,,,,,,,,3
环境设计,,,,5,5,,1,199
环境设计,,,,,,,,1
环境设计,,,,,,,,1
环境设计,,,,,,,,1
环境设计,,,,,,,,1
环境设计,,,,,,,,1
环境设计,,,,,,,,1
环境设计,,,,,,,,2
环境设计,,,,,,,,1
环境设计,,,,,,,,1
环境设计,,,,,,,,1
环境评价与咨询服务,,,,,,,,2
现代农业技术,,,,,,,,2
现代教育技术,,,,,,,,1
现代殡葬技术与管理,1,1,,,,,,2
现代流行音乐,,,,,,,,1
现代流行音乐,,,,,,,,1
现代纺织技术,1,,,,,,1,4
现代纺织技术,,,,,,,,1
珠宝首饰技术与管理,,,,,,,,1
理化测试与质检技术,1,1,,,,,1,1
理化测试与质检技术,,,,,,,,1
理学与光电信息类,1,1,,,,,,
理工实验班,1,1,,1,,,,
理工类实验班,1,,,,,,,
理科类,1,1,1,,,,,
理科试验班,4,4,,,,,1,
理科试验班,1,1,1,,,,,
理科试验班,1,,,,,,,
理科试验班,1,,,,,,,
理科试验班,1,1,1,,,,,
理科试验班,1,1,,,,,,
理科试验班,,1,1,,,,,
理科试验班,1,1,,,,,,
理科试验班,1,1,1,,,,,
理科试验班,1,1,,,,,,
理科试验班,1,,,,,,,
理科试验班,,,,,,,,1
理科试验班,1,,,,,,,
理科试验班,1,,,,,,,
理科试验班,1,,,,,,,
理科试验班,1,,,,,,,
理科试验班,1,,,,,,,
理科试验班,1,1,1,,,,,
理科试验班,1,,,,,,,
理科试验班,1,,,,,,,
理科试验班,1,1,1,,,,,
理科试验班,1,,,,,,,
理科试验班,1,,,,,,,
理科试验班,,1,1,,1,,,
理科试验班,1,1,1,,,,,
理科试验班,1,,,,,,,
理科试验班,1,1,,,,,,
理科试验班,1,1,,,,,,
理科试验班,1,1,1,,,,,
理科试验班类,5,2,1,,,,,1
理科试验班类,1,1,1,,,,,
理科试验班类,,1,,,,,,
理科试验班类,1,,,,,,,
理科试验班类,1,,,,,,,
理科试验班类,1,1,,,,,,
理科试验班类,1,1,,,,,,
理科试验班类,,,1,,,,,
理科试验班类,,,,,,,,1
理科试验班类,1,1,1,,,,,
理论与应用力学,2,,,,,,,
瑞典语,,,,,,,,1
瑞典语,,,,2,2,,2,
生命科学类,1,1,1,,,,,
生态学,5,7,7,,1,,,3
生态学,1,1,1,,,,,
生态学,1,1,1,,,,,
生物与环境类,1,1,1,,,,,
生物信息学,7,6,6,,,,,1
生物制药,11,18,18,,,,2,1
生物化学类,1,1,1,,,,,
生物医学,1,1,1,,,,,
生物医学工程,41,27,28,,,,6,2
生物医学工程,1,1,1,,,,,
生物医学工程,1,,1,,,,1,
生物医学工程,1,1,,,,,1,
生物医学工程,1,1,1,,,,,
生物医学工程类,3,2,2,,,,,
生物工程,57,78,78,,,,5,12
生物工程类,5,7,6,,,,,
生物工程类,1,2,2,,,,,
生物工程类,1,1,1,,,,,
生物工程类,1,1,1,,,,,
生物工程类,,1,1,,,,,
生物技术,57,68,68,,,,4,10
生物技术,1,1,1,,,,,
生物技术,1,1,2,,,,,
生物技术,,1,1,,,,1,
生物教育,,,,,,,,1
生物科学,36,42,42,,,,2,8
生物科学,1,1,1,,,,,
生物科学,1,1,1,,,,,
生物科学,5,4,4,,,,,
生物科学,1,1,1,,,,,
生物科学,1,1,1,,,,,
生物科学类,27,34,32,,1,,,6
生物科学类,2,5,5,,,,,2
生物科学类,,1,1,,,,,
生物科学类,1,1,1,,,,,
生物类,1,1,1,,,,,
生物质能应用技术,,,,,,,,1
电信工程及管理,,,,,,,,1
电信服务与管理,,,,,,,,3
电力技术类,,,,,,,,1
电力技术类,2,2,,,,,,1
电力系统继电保护与自动化技术,1,,,,,,1,1
电力系统自动化技术,2,2,,,,,2,5
电力系统自动化技术,1,1,,,,,1,
电厂热能动力装置,2,1,,,,,2,3
电子产品营销与服务,,,,,,,,1
电子产品质量检测,,,,,,,,1
电子信息工程,172,99,26,,,,87,57
电子信息工程,1,1,,,,,1,
电子信息工程,1,1,,,,,,
电子信息工程,1,1,,,,,1,
电子信息工程,1,,,,,,,
电子信息工程,2,,,,,,,
电子信息工程,,,,,,,,1
电子信息工程,1,,,,,,,
电子信息工程,1,1,,,,,,
电子信息工程,1,1,,,,,,
电子信息工程,1,,,,,,,
电子信息工程,2,,,,,,,
电子信息工程,1,1,1,,,,,
电子信息工程技术,15,8,1,1,,,13,43
电子信息工程技术,,,,,,,,1
电子信息工程技术,,,,,,,,1
电子信息科学与技术,59,33,14,,,,34,6
电子信息科学与技术,1,1,,,,,1,
电子信息科学与技术,1,1,,,,,1,
电子信息类,92,41,8,1,,,39,8
电子信息类,1,,,,,,,
电子信息类,15,5,,,1,,7,4
电子信息类,1,1,,,,,,
电子信息类,1,,,,,,,
电子信息类,1,,,,,,,
电子信息类,1,,,,,,,
电子信息类,1,,,,,,,
电子信息类,1,,,,,,,
电子信息类,1,1,1,,,,,
电子信息类,1,1,,,,,,
电子信息类,,,,,,,,1
电子信息类,1,,1,,,,1,
电子信息类,1,,,,,,,
电子信息类,1,,,,,,1,
电子信息类,1,1,,,,,1,
电子信息类,1,,,,,,1,
电子信息类,1,1,,,,,,
电子信息类,2,,,,,,1,
电子信息类,1,,,,,,1,
电子信息类,1,,,,,,,
电子信息类,1,,,,,,1,
电子信息类,1,,,,,,,
电子信息类,1,1,,,,,,
电子信息类,1,,,,,,1,
电子信息类,1,,,,,,1,
电子制造技术与设备,,,,,,,,2
电子商务,33,18,8,12,19,,34,335
电子商务,,,,,,,,1
电子商务,,,,,,,,1
电子商务,,,,,,,,1
电子商务,,,,,,,,1
电子商务,,,,,,,,1
电子商务,,,,,,,,1
电子商务,,,,,,,,1
电子商务,,,,,,,,1
电子商务,1,,,,,,,
电子商务,,,,,,,,1
电子商务,,,,,,,,1
电子商务,,,,,,,,1
电子商务,,,,1,1,,1,1
电子商务,,,,,,,,1
电子商务及法律,1,1,,1,,,,1
电子商务技术,1,,,1,,,1,9
电子商务类,3,,,,,,2,6
电子商务类,1,,,,,,,2
电子封装技术,3,3,1,,,,1,
电子工程类,1,1,1,,,,,
电子工艺与管理,1,1,,,,,1,
电子电气类,2,1,,,,,1,
电子电路设计与工艺,,,,,,,,1
电子科学与技术,55,30,5,,,,22,5
电子科学与技术,1,1,,,,,,
电子科学与技术,1,,,,,,,
电子科学与技术,,,,,,,,1
电子科学与技术,2,,,,,,,
电子科学与技术,1,,,,,,,
电子科学与技术,1,1,,,,,1,
电子科学与技术(武警),,,,,,,,2
电子科学与技术,1,1,,,,,,
电子科学与技术,1,,,,,,,
电子科学与技术,1,1,1,,,,,
电子竞技运动与管理,,,,,,,,3
电子类,1,1,,,,,1,
电影学,,,,,,,,3
电影学,,,,,,,,1
电影学,,,,,,,,1
电机与电器技术,2,1,1,,,,1,2
电机电器智能化,1,1,1,,,,,
电梯工程技术,2,1,,1,,,2,4
电气工程与智能控制,9,7,1,,,,3,2
电气工程及其自动化,232,132,38,,1,,106,55
电气工程及其自动化,1,,,,,,,
电气工程及其自动化,1,1,,,,,,
电气工程及其自动化,,,,,,,,1
电气工程及其自动化,1,,,,,,,
电气工程及其自动化,2,,,,,,,
电气工程及其自动化,1,,,,,,1,
电气工程及其自动化,1,,,,,,,
电气工程及其自动化,1,1,,,,,,
电气工程及其自动化,1,1,,,,,1,
电气工程及其自动化,2,,,,,,,
电气工程及其自动化,1,,,,,,,
电气工程及其自动化,1,1,,,,,,
电气类,14,5,1,,1,,2,
电气类,10,6,2,,,,5,2
电气类,1,,,,,,,
电气类,1,1,,,,,,
电气自动化技术,28,18,4,3,1,,24,63
电气自动化类,1,1,,,,,1,
电气通信与计算机类,1,,,,,,1,
电磁发射工程,2,2,,,,,2,
电磁场与无线技术,1,1,,,,,,
电线电缆制造技术,,,,,,,,1
电网监控技术,,,,,,,,1
畜牧业类,,1,1,,,,,
畜牧业类,,,,,,,,1
畜牧兽医,,2,2,,,,1,11
畜牧工程技术,,,,,,,,1
皮具艺术设计,,,,,,,,3
监狱学,,,,,,,,2
目标工程,2,,,,,,,
目标工程,2,,,,,,,
目标工程,,,,2,2,,2,
直升机驾驶技术,,,,,,,,2
眼视光医学,6,6,6,,,,,
眼视光医学,1,1,1,,,,,
眼视光学,4,3,3,,,,1,3
眼视光技术,3,1,2,,,,1,7
知识产权,5,5,4,2,,,2,14
知识产权,,,,,,,,1
知识产权管理,,,1,1,,,1,
石油化工技术,,,,,,,,5
石油工程,4,4,1,,,,,
石油炼制技术,1,1,1,,,,,1
矿业类,2,2,1,,,,,
矿物加工工程,3,3,3,,,,,
社会体育,,,,,,,,12
社会体育,,,,,,,,1
社会体育,,,,,,,,1
社会体育指导与管理,2,2,2,,,,,48
社会体育指导与管理,1,,1,,,,,
社会体育指导与管理,,,,,,,,1
社会学,,,,3,1,,,17
社会学类,,,,2,2,,,15
社会学类,,,,,,,,2
社会学类,,,,,,,,1
社会工作,,,,9,8,,1,73
社会工作,,,,,,,,1
社会工作,,,,,,,,1
社会科学试验班,,,,,,,,6
社会科学试验班,1,,,,,,,
社会科学试验班,1,,,,,,,
社区康复,,,,,,,,4
社区矫正,,,,1,,,1,2
社区管理与服务,,,,,,,,6
社区管理与服务,,,,,,,,1
社区管理与服务,,,,,,,,1
禁毒学,,,,,,,,2
种子生产与经营,,1,1,,,,,1
种子科学与工程,5,7,7,,,,,2
科学及工程学院,1,1,1,,,,,
科学及工程学院,1,1,1,,,,,
资讯科技及工程,1,1,1,,,,,
科学教育,6,7,6,,,,1,3
科学教育,5,5,5,,,,,
科技与创意设计试验班,2,,,,,,,
秘书学,,,,3,3,,,17
移动互联应用技术,,,,,,,,16
移动商务,,,,3,2,,3,6
移动商务,,,,,,,,1
移动应用开发,3,1,,,1,,3,10
移动应用开发,,,,,,,,1
移动通信技术,3,2,,,,,3,9
税务,,,,,,,,6
税务,,,,,,,,1
税收学,1,,,1,1,,2,19
空中乘务,,,,2,2,,2,48
空中乘务,,,,,,,,1
空中乘务,,,,,,,,1
空天防御指挥与控制工程,2,,,,,,,
空间信息与数字技术,3,,,,1,,3,1
空间信息与数字技术,1,1,,,,,1,
空间科学与技术,2,,,,,,,
管理学类,,,,1,1,,1,1
管理科学,4,2,,,,,2,5
管理科学,,,,,,,,1
管理科学与工程,4,2,,,,,2,2
管理科学与工程(武警),,,,,,,,2
管理科学与工程类,11,6,1,,3,,7,20
管理科学与工程类 ,,,,,,,,2
管理科学与工程类,1,1,1,,,,,
管理科学与工程类,,,,,,,,1
管理科学与工程类,2,2,,,,,,4
管理科学与工程类,2,,,,,,,
管理科学与工程类（中德“2+3”联合培养),,,,,,,,1
粉体材料科学与工程,3,4,,1,,,3,
粮食工程,2,2,2,,,,,
精密医疗器械技术,1,1,1,,,,,
精密医疗器械技术,1,,1,,,,1,
精密医疗器械技术,,,,,,,,1
精密机械技术,,,,,,,,1
精神医学,10,11,7,,,,,3
精细化工技术,,1,1,,,,1,1
纳米材料与技术,1,1,1,,,,,
纺织品检验与贸易,,,,,,,,2
纺织品检验与贸易,,1,,,,,1,
纺织品设计,,,,,,,,1
纺织品设计,,,,,,,,1
纺织工程,16,16,5,4,,,4,4
纺织服装类,,,,,,,,1
纺织类,6,7,3,2,,,2,1
纺织类,2,2,,1,,,1,1
经济与管理类,,,,,,,,1
经济与贸易类,2,2,,,,,,17
经济与贸易类,,,,,,,,12
经济与贸易类,,,,,,,,1
经济与金融,2,1,,1,1,,,10
经济信息管理,,,1,2,,,2,6
经济学,6,3,2,5,4,,3,121
经济学,,,,,,,,1
经济学,,,,,,,,1
经济学,1,,,,,,,
经济学,,,,,,,,1
经济学,,,,,,,,1
经济学,1,,,,,,,
经济学,,,,,,,,1
经济学,,,,,,,,1
经济学,,,,,,,,1
经济学类,6,3,2,2,2,,2,42
经济学类,,,,,,,,1
经济学类,,,,,,,,1
经济学类,,,,,,,,6
经济学类,,,,,,,,1
经济学类,1,,,,,,,
经济学类,,,,,,,,1
经济学类,,,,,,,,1
经济学类,,,,,,,,1
经济学类,,,,,,,,1
经济学类,,,,,,,,1
经济学类,,,,,,,,1
经济学类,1,,,,,,,
经济学类,,,,,,,,1
经济犯罪侦查,,,,,,,,3
经济管理实验班,,,,,,,,1
经济管理类,,1,,,1,,,
经济管理试验班,3,1,,,,,,7
经济管理试验班,,,,,,,,1
经济管理试验班,,,,,,,,1
经济管理试验班,,,,,,,,1
经济类,,,,,,,,1
经济统计学,10,7,2,2,1,,5,20
经济统计学,,,,,,,,1
经济统计学,,,,,,,,1
经济贸易类,,,,,,,,3
经济贸易类,,1,,1,1,,,9
经管类实验班,,,,,,,,1
经贸、法学与管理类,1,,,1,,,,
绘画,,,,1,1,,,46
绘画,,,,,,,,1
绘画,,,,,,,,1
绘画,,,,,,,,1
绘画,,,,,,,,1
绘画,,,,,,,,1
绘画,,,,,,,,1
绘画,,,,,,,,1
绘画,,,,,,,,1
绘画,,,,,,,,2
绘画,,,,,,,,1
绘画,,,,,,,,2
给排水工程技术,1,1,,,,,,5
给排水科学与工程,58,60,28,,,,17,9
给排水科学与工程,1,1,,,,,1,
统计与会计核算,,,,,,,,4
统计学,28,19,11,1,1,,10,12
统计学,1,,,,,,,
统计学,1,,,,,,1,
统计学类,5,3,2,,,,1,4
统计学类,,,,,,,,1
统计学类,,,,,,,,1
绿色食品生产与检验,,2,2,,1,,1,3
编辑出版学,,,,,,,,12
网电对抗指挥与工程,2,2,,,,,2,
网电指挥与工程,2,,,,,,,
网络与新媒体,1,1,,4,3,,1,52
网络与新媒体,,,,,,,,1
网络与新媒体,,,,,,,,1
网络安全与执法,4,3,,,,,4,1
网络工程,79,40,19,,4,,52,34
网络工程,1,,1,,,,1,
网络工程,2,,,,,,,
网络新闻与传播,,,,,,,,1
网络空间安全,4,1,2,,,,1,
网络空间安全类,1,,,,,,1,
网络空间安全类,2,,,,,,,
网络营销,,,,,,,,2
美容美体艺术,,,,,,,,2
美术,,,,1,,,1,3
美术,,,,,,,,1
美术与设计学类,,,,,,,,1
美术与设计类,,,,,,,,1
美术学,,,,1,1,,,64
美术学,,,,,,,,1
美术学,,,,,,,,1
美术学,,,,,,,,1
美术学,,,,1,1,,,10
美术学,,,,,,,,1
美术学,,,,,,,,2
美术学,,,,,,,,1
美术学,,,,,,,,1
美术学类,,,,,,,,11
美术学类,,,,,,,,1
美术学类,,,,,,,,1
美术学类,,,,,,,,1
美术学类,,,,,,,,1
美术学类,,,,,,,,1
美术学类,,,,,,,,1
美术教育,,,,1,1,,1,3
美术设计类,,,,,,,,1
翻译,1,,1,3,2,,,60
翻译,,,,,,,,1
翻译,,,,,,,,1
翻译,,,,,,,,1
翻译,,,,,,,,1
翻译,,,,,,,,1
翻译,,,,,,,,1
老年保健与管理,1,1,1,,,,,3
老年服务与管理,,,,2,,,2,9
老年服务与管理,,,,,,,,1
老挝语,,,,,,,,1
考古学,,,,2,2,,,1
考古学,,1,,,,,,
能源与动力工程,68,51,8,,1,,26,10
能源与动力工程,1,1,,,,,,
能源与流体工程类,1,1,,,,,,
能源与环境系统工程,3,3,,,,,1,
能源动力类,13,10,3,,,,2,
能源动力类,2,2,,,,,2,
能源动力类,,,,,,,,1
能源动力类,1,1,,,,,,
能源动力类,1,,,,,,,
能源化学工程,9,10,2,,,,,
能源经济,,,,,,,,3
自动化,160,86,21,,1,,74,31
自动化,1,,,,,,,
自动化,1,1,,,,,,
自动化,1,,,,,,,
自动化,1,1,,,,,1,
自动化类,23,7,1,1,,,8,4
自动化类,9,6,,,,,5,3
自动化类,1,,,,,,1,
自然保护与环境生态类,1,2,1,,,,,
自然保护与环境生态类,,1,,,,,,1
自然保护与环境生态类,1,1,,,,,,
自然地理与资源环境,7,6,2,,7,,1,3
自然地理与资源环境,1,1,,,1,,,
自然科学试验班,1,1,,,,,,1
舞台艺术设计与制作,,,,2,1,,2,
舞台艺术设计与制作,,,,,,,,1
舞台艺术设计与制作,,,,,,,,1
舞蹈学,,,,,,,,30
舞蹈学,,,,,,,,1
舞蹈学,,,,,,,,1
舞蹈学,,,,,,,,4
舞蹈学,,,,,,,,1
舞蹈学,,,,,,,,1
舞蹈编导,,,,1,1,,,26
舞蹈编导,,,,,,,,1
舞蹈表演,,,,,,,,36
舞蹈表演,,,,,,,,2
舞蹈表演,,,,,,,,1
舞蹈表演,,,,,,,,1
舞蹈表演,,,,,,,,1
舞蹈表演,,,,,,,,1
舞蹈表演,,,,,,,,1
舞蹈表演,,,,,,,,2
舞蹈表演,,,,,,,,1
舞蹈表演,,,,,,,,1
舞蹈表演,,,,,,,,1
航天装备工程,2,,,,,,,
航海技术,12,9,2,,3,,8,12
航空发动机制造技术,,,,,,,,1
航空发动机维修技术,,,,,,,,1
航空地面设备维修,2,2,,,,,1,2
航空物流,,,,,,,,4
航空物流,,,,,,,,1
航空电子电气技术,,,,,,,,2
航空管制与领航工程,2,2,,,,,2,
航空管制与领航工程,2,,,,,,,
航空管制与领航工程,2,,,,,,,
航空航天工程,2,1,,,,,,
航空航天类,7,4,,,,,3,
航空装备工程,2,,,,,,,
航空装备工程,2,,,,,,,
航空运输类,,,,,,,,1
航空运输类,3,3,,,,,3,2
船舶与海洋工程,25,14,3,,,,8,1
船舶与海洋工程装备类,,,,,,,,1
船舶动力工程技术,1,1,,,,,1,3
船舶工程技术,3,3,1,,,,2,7
船舶机械工程技术,,,,,,,,2
船舶检验,,,,,,,,2
船舶电子电气工程,10,8,2,,1,,6,
船舶电子电气技术,2,1,1,,1,,1,2
船舶电气工程技术,1,1,,,,,1,3
船舶舾装工程技术,,,,,,,,1
艺术与科技,,,,,,,,26
艺术与科技,,,,,,,,1
艺术与科技,,,,,,,,1
艺术与科技,,,,,,,,1
艺术与科技,,,,,,,,1
艺术与科技,,,,,,,,1
艺术与科技,,,,,,,,1
艺术与科技,,,,,,,,2
艺术与科技,,,,,,,,1
艺术与科技,,,,,,,,1
艺术与科技,,,,,,,,1
艺术与科技,,,,,,,,1
艺术创意类,,,,,,,,1
艺术史论,,,,1,,,,9
艺术史论,,,,,,,,1
艺术史论,,,,,,,,1
艺术学理论类,,,,,,,,1
艺术学理论类,,,,,,,,1
艺术教育,,,,,,,,6
艺术管理,,,,,,,,1
艺术设计,1,,,2,1,,1,44
艺术设计,,,,,,,,1
艺术设计,,,,,,,,1
艺术设计,,,,,,,,1
艺术设计,,,,,,,,1
艺术设计,,,,,,,,1
艺术设计,,,,,,,,1
艺术设计,,,,,,,,1
艺术设计,,,,,,,,1
艺术设计,,,,,,,,1
艺术设计,,,,,,,,1
艺术设计,,,,,,,,1
艺术设计,,,,,,,,1
艺术设计,,,,,,,,1
艺术设计,,,,,,,,1
艺术设计,,,,,,,,1
艺术设计,,,,,,,,1
艺术设计,,,,,,,,1
艺术设计,,,,,,,,1
艺术设计,,,,,,,,1
艺术设计,,,,,,,,1
艺术设计,,,,,,,,1
艺术设计,,,,,,,,1
艺术设计,,,,,,,,1
艺术设计,,,,,,,,1
艺术设计学,,,,,,,,11
艺术设计学,,,,,,,,1
艺术设计学,,,,,,,,1
艺术设计学,,,,,,,,1
艺术设计类,,,,,,,,4
艺术设计类,,,,,,,,5
芬兰语,,,,,,,,1
英语,4,,,27,23,,3,364
英语,,,,,,,,1
英语,,,,,,,,1
英语,,,,,,,,1
英语,,,,,,,,1
英语,,,,,,,,1
英语,,,,,,,,1
英语,,,,,,,,1
英语,,,,,,,,1
英语,,,,,,,,1
英语,,,,,,,,1
英语,,,,,,,,1
英语,,,,,,,,1
英语,,,,,,,,8
英语,,,,,,,,1
英语,,,,,,,,1
英语,,,,,,,,1
英语,,,,,,,,1
英语,,,,1,1,,1,
英语,,,,,,,,1
英语,,,,,,,,1
英语,,,,,,,,1
英语,,,,,,,,1
英语,,,,1,1,,,
英语,,,,,,,,1
英语,,,,,,,,1
英语,,,,,,,,1
英语,,,,,,,,1
英语,,,,,,,,1
英语,,,,,,,,1
英语,,,,,,,,1
英语教育,,,,,,,,10
英语类,,,,,,,,2
茶学,4,8,8,,,,,2
茶学,,,,,,,,1
茶树栽培与茶叶加工,,1,1,,,,,3
茶艺与茶叶营销,,,,,,,,7
草业科学,2,4,4,,,,,
草业科学,1,1,1,,,,,
草业科学,,1,1,,,,,
药事管理,2,2,2,,,,,2
药品制造类,2,2,2,,,,,1
药品服务与管理,1,1,1,,,,,1
药品生产技术,2,7,7,,,,3,18
药品生产技术,,1,1,,,,1,
药品生产技术,,1,1,,,,1,
药品生产技术,,2,2,,,,2,
药品生产技术,,1,1,,,,1,1
药品生物技术,,1,1,,,,,9
药品生物技术,,,,,,,,1
药品生物技术,1,1,1,,,,,
药品经营与管理,2,3,3,,,,1,16
药品质量与安全,1,2,2,,,,1,8
药品质量与安全,,1,1,,,,1,
药品质量与安全,,1,1,,,,1,
药学,72,112,97,,,,6,28
药学,1,1,1,,,,,
药学,1,1,,,,,,
药学,1,1,1,,,,,
药学,1,1,,,,,,
药学,1,1,1,,,,,
药学类,10,12,8,,,,,3
药学类,1,1,1,,,,,
药学类,1,3,3,,,,,
药学类,1,1,1,,,,,
药学类,1,1,1,,,,,
药物分析,1,2,2,,,,,1
药物制剂,16,25,19,,,,,3
药物化学,,1,1,,,,,
荷兰语,,,,,,,,1
营养配餐,,,,,,,,1
葡萄与葡萄酒工程,4,5,5,,1,,,1
葡萄牙语,1,,,2,2,,,12
葡萄牙语,,,,2,2,,2,
蚕学,1,2,2,,,,,1
蜂学,,,,,,,,1
行政执行,,1,1,,,,,1
行政管理,1,,,6,2,,2,72
行政管理,,,,,,,,1
行政管理,,,,,,,,1
行政管理,,,,,,,,1
行政管理,,,,,,,,1
行政管理,,,,,,,,1
表演,,,,,,,,47
表演,,,,,,,,1
表演,,,,,,,,1
表演,,,,,,,,1
表演,,,,,,,,2
表演,,,,,,,,1
表演,,,,,,,,1
表演,,,,,,,,1
表演,,,,,,,,1
表演,,,,,,,,1
表演,,,,,,,,1
表演,,,,,,,,1
表演,,,,,,,,4
表演,,,,,,,,2
表演,,,,,,,,1
表演,,,,,,,,1
表演,,,,,,,,1
表演,,,,,,,,2
表演,,,,,,,,1
表演,,,,,,,,1
表演,,,,,,,,1
表演,,,,,,,,1
表演,,,,,,,,1
表演,,,,,,,,1
表演,,,,,,,,1
表演,,,,,,,,1
表演,,,,,,,,1
表演,,,,,,,,1
表演,,,,,,,,1
表演,,,,,,,,1
表演,,,,,,,,1
表演,,,,,,,,1
表演,,,,,,,,1
表演艺术,,,,,,,,6
表演艺术,,,,,,,,1
表演艺术,,,,,,,,1
表演艺术,,,,,,,,1
表演艺术,,,,1,1,,,
表演艺术,,,,,,,,1
表演艺术,,,,,,,,1
表演艺术类,,,,,,,,1
表演艺术类,,,,,,,,1
装备保障工程,4,2,2,,,,,2
装备再制造工程,,,,,,,,2
装备经济管理,2,2,,,,,2,2
装甲车辆工程,2,1,,,,,1,4
西班牙语,3,,,5,4,,,33
西餐工艺,,,2,2,2,,3,5
视觉传播设计与制作,1,,,4,3,,3,41
视觉传播设计与制作,,,,,,,,1
视觉传播设计与制作,,,,,,,,1
视觉传达设计,,,,4,4,,1,198
视觉传达设计,,,,,,,,1
视觉传达设计,,,,,,,,1
视觉传达设计,,,,,,,,1
视觉传达设计,,,,,,,,1
视觉传达设计,,,,,,,,1
视觉传达设计,,,,,,,,1
视觉传达设计,,,,,,,,1
视觉传达设计,,,,,,,,1
视觉传达设计,,,,,,,,1
视觉传达设计,,,,,,,,1
言语听觉康复技术,,,,,,,,1
警务指挥与战术,,,,,,,,1
警务指挥与战术,,,,,,,,1
警务指挥与战术,,,,,,,,1
警犬技术,,,,,,,,1
计算机信息管理,5,3,1,2,3,,8,26
计算机信息管理,,,,,,,,1
计算机信息管理,,,,,,,,1
计算机信息管理,,,,,,,,1
计算机信息管理,,,,,,,,1
计算机信息类,,1,,,1,,1,
计算机应用技术,21,9,2,6,5,,26,87
计算机应用技术,,,,,,,,1
计算机应用技术,,,,,,,,1
计算机应用技术,,,,,,,,1
计算机应用技术,,,,,,,,1
计算机应用技术,,,,,,,,1
计算机应用技术,,,,,,,,1
计算机应用技术,,,,,,,,1
计算机应用技术,,,,,,,,1
计算机应用技术,1,,,,1,,1,
计算机应用技术,,,,,,,,1
计算机科学与技术,237,129,50,1,5,,166,95
计算机科学与技术,,,,,,,,1
计算机科学与技术,,,,,,,,1
计算机科学与技术,1,1,,,,,1,
计算机科学与技术,1,,,,,,1,
计算机科学与技术,2,,,,,,,
计算机科学与技术,1,1,,,,,1,
计算机科学与技术,1,,,,,,,
计算机科学与技术,1,1,,,,,1,
计算机科学与技术,1,,,,,,,
计算机科学与技术,1,1,,,,,1,
计算机科学与技术,1,1,,,,,1,
计算机科学与技术,1,,,,,,1,
计算机科学与技术,1,,,,,,,
计算机科学与技术,1,,,,1,,1,
计算机科学与技术,1,,,,,,,3
计算机科学与技术,3,2,,,1,,3,
计算机科学与技术,1,,,,,,1,
计算机科学与技术,1,,,,,,,
计算机科学与技术(武警),,,,,,,,2
计算机科学与技术,1,,,,1,,1,
计算机科学与技术,,,,,,,,1
计算机科学与技术,1,,,,,,,
计算机科学与技术,1,,,,,,,
计算机科学与技术,,,,,,,,1
计算机科学与技术,1,,,,,,1,
计算机类,94,37,12,2,4,,65,22
计算机类,1,1,1,,,,,
计算机类,1,1,1,,,,,
计算机类,19,12,4,,,,16,13
计算机类,,,,,,,,1
计算机类,1,,,,,,1,
计算机类,,,,,,,,1
计算机类,1,,1,,,,1,
计算机类,1,,,,,,1,
计算机类,1,,,,,,1,
计算机类,1,,,,,,1,
计算机类,1,1,,,,,,
计算机类,1,,,,,,1,
计算机系统与维护,,,,,,,,1
计算机网络技术,16,7,3,4,7,,20,88
计算机网络技术,,,,,,,,1
计算机网络技术,,,,,,,,1
设施农业与装备,,,,,,,,1
设施农业与装备,,,,,,,,1
设施农业科学与工程,5,5,5,,,,,2
设计学类,1,,,1,,,1,74
设计学类,,,,,,,,18
设计学类,,,,,,,,1
设计学类,,,,,,,,1
设计学类,,,,,,,,1
设计学类,,,,,,,,1
设计学类,,,,,,,,1
设计学类,,,,,,,,1
设计学类,,,,,,,,1
设计学类,,,,,,,,1
设计学类,,,,,,,,1
设计学类,,,,,,,,1
证券与期货,,,,,,,,15
语文教育,,,,1,,,,9
语言类,,,,,,,,2
语言类,,,,,,,,5
财会类,,,,,,,,1
财务会计教育,,,,,,,,2
财务会计类,,,,,,,,7
财务会计类,,1,,,,,1,10
财务管理,10,4,3,12,13,,10,285
财务管理,,,,,,,,1
财务管理,,,,,,,,1
财务管理,1,,,1,,,1,
财务管理,,,,,,,,1
财务管理,,,,,,,,1
财务管理,,,,,,,,1
财务管理,,,,,,,,1
财务管理,1,,,,,,,
财务管理,,,,,,,,1
财务管理,,,,,,,,1
财务管理,,,,,,,,1
财务管理,,,,,,,,1
财务管理,,,,,,,,1
财政学,2,,,3,,,1,22
财政学类,1,,,1,,,,12
质量管理与认证,,,,,,,,2
质量管理工程,4,3,1,,,,2,2
贸易经济,1,,,1,,,1,12
资产评估,1,,,1,,,1,25
资产评估与管理,,,,,1,,1,5
资源与环境经济学,2,1,,1,1,,1,3
资源勘查工程,7,7,3,,,,3,1
资源勘查工程,,1,1,,1,,,
资源勘查工程,1,1,,,,,,
资源循环科学与工程,10,10,5,,,,1,
资源环境与科学类,,,,,,,,1
资源环境科学,1,1,1,,,,,
越南语,,,,,,,,4
越南语,,,,2,2,,2,
车辆工程,81,52,15,,1,,35,23
车辆工程,1,1,,,,,1,
车辆工程,1,,,,,,,
轨道交通信号与控制,16,8,,,,,12,6
轮机工程,14,7,1,,1,,5,
轮机工程,1,,,,,,,
轮机工程,,,,,,,,1
轮机工程,1,,,,,,,
轮机工程技术,2,2,1,,,,1,9
软件与信息服务,,,1,,1,,1,3
软件工程,149,81,29,1,2,,107,62
软件工程,1,1,,,,,,
软件工程,1,1,1,,,,,
软件工程,1,1,,,,,,
软件工程,1,1,,,,,1,
软件工程,1,1,,,,,,
软件工程,1,1,,,,,1,
软件工程,1,1,1,,,,,
软件工程,1,1,1,,,,,
软件工程,3,1,,,1,,2,1
软件工程,1,,,1,,,1,
软件工程,1,,,,,,1,
软件工程,,,,,,,,1
软件工程,1,,,,,,1,
软件工程,1,,,,,,,
软件工程,1,,,,,,1,
软件工程,,,,,,,,1
软件工程,,,,,,,,1
软件工程,1,1,1,,,,,
软件技术,13,9,4,1,3,,16,77
软件技术,,,,,,,,1
软件技术,,,,,,,,1
软件技术,,,,,,,,1
软件技术,,,,,,,,1
软件技术,,,,,,,,1
软件技术,,,,,,,,1
软件技术,,,,,,,,1
软件技术,,,,,,,,1
软件技术,,,,,,,,1
软件技术,,,,,,,,1
软件技术,,,,,,,,1
轻化工程,18,19,7,,,,1,2
轻化工程,,1,1,,,,,
轻工类,3,3,1,,,,,1
辐射防护与核安全,5,5,2,,,,3,
辐射防护与核安全,2,,,,,,,
边防指挥,,,,,,,,1
边防管理,,,,,,,,2
过程装备与控制工程,30,25,4,,,,10,7
运动人体科学,2,3,5,,,,,6
运动康复,4,4,5,1,,,,11
运动训练,,,,,,,,26
运筹与任务规划,2,,,,,,,
运筹与任务规划,2,,,,,,,
连锁经营管理,,1,,3,3,,3,25
通信工程,164,96,26,1,,,81,45
通信工程,1,1,,,,,1,
通信工程,2,,,,,,,
通信工程,1,1,,,,,,
通信工程,,,,,,,,1
通信工程,2,,,,,,,
通信工程,2,,,,,,,
通信工程,,,,,,,,1
通信工程,1,,,,,,,
通信工程,1,,,,,,,
通信工程,2,,,,,,,
通信工程,,,,,,,,2
通信工程,1,1,,,,,,
通信工程,2,,,,,,,
通信工程,1,1,,,,,1,
通信工程,1,,,,,,,
通信工程,1,,,,,,,
通信工程设计与监理,1,1,,,,,1,1
通信技术,7,4,,,1,,6,28
通信技术,,,,,,,,1
通信技术,,,,,,,,1
通信类,,,,,,,,1
通信类,,,,,,,,1
通信系统运行管理,1,1,,,,,1,
通用航空器维修,2,2,,,,,2,2
通用航空器维修,,,,,,,,1
通用航空航务技术,,,,,,,,2
道路养护与管理,,,,,,,,1
道路桥梁与渡河工程,23,16,,,1,,12,5
道路桥梁与渡河工程,1,1,,,,,,
道路桥梁与渡河工程,1,,,,,,,
道路桥梁与渡河工程,1,,,,,,,
道路桥梁工程技术,6,4,,,,,4,23
道路运输与路政管理,,,,,,,,1
遥感科学与技术,8,3,,,2,,4,1
遥感科学与技术,2,,,,2,,,
遥感科学与技术,2,,,,2,,,
遥感科学与技术,2,,,,,,,
邮政通信管理,,,1,,1,,1,2
邮政通信管理,,,,,,,,1
酒店管理,1,1,1,11,10,,9,131
酒店管理,,,,,,,,1
酒店管理,,,,,,,,1
酒店管理,,,,,,,,1
酒店管理,,,,,,,,1
酒店管理,,,,,,,,1
酿酒工程,3,4,4,,,,,
酿酒技术,,,,,,,,1
采矿工程,3,3,3,,,,,1
采购与供应管理,,,,,,,,1
采购管理,,,,,,,,2
野生动物与自然保护区管理,,1,1,,,,,1
野生动物资源保护与利用,,,,,,,,1
金属材料与热处理技术,,,,,,,,1
金属材料工程,28,29,5,,,,9,1
金属材料工程,1,1,,,,,,
金属材料工程,1,1,,,,,1,
金融学,20,9,6,9,8,,5,160
金融学,,,,,,,,1
金融学,,,,,,,,2
金融学,,,,,,,,1
金融学,,,,,,,,1
金融学,,,,,,,,1
金融学,1,,,,,,,
金融学,,,,,,,,1
金融学,,,,,,,,1
金融学,1,,,,,,,
金融学,,,,,,,,1
金融学,,,,,,,,1
金融学,,,,,,,,1
金融学,,,,,,,,1
金融学,1,,,,,,,
金融学,,,,,,,,1
金融学,,,,,,,,1
金融学,,,,,,,,1
金融学类,2,,,1,,,,32
金融学类,,,,,,,,1
金融学类,,,,,,,,17
金融学类,,,,,,,,1
金融学类,,,,,,,,1
金融学类,,,,,,,,1
金融学类,1,,,,,,,
金融学类,,,,,,,,1
金融工程,16,10,6,2,1,,7,70
金融工程,,,,,,,,1
金融工程,,,,,,,,1
金融工程,1,1,1,,,,,
金融工程,,,,,,,,1
金融工程,,,,,,,,1
金融数学,10,8,5,,,,4,9
金融管理,4,1,,4,,,6,37
金融管理,,,,,,,,1
金融类,,,,,,,,1
金融类,,,,,,,,3
针灸推拿,,1,1,2,,,1,5
针灸推拿学,7,15,17,6,,,1,14
针织技术与针织服装,1,,,1,,,1,1
钢琴调律,,,,,,,,2
铁路物流管理,1,,,,1,,1,1
铁道交通运营管理,2,1,,,3,,3,8
铁道供电技术,2,1,,,1,,2,5
铁道信号自动控制,3,1,,,1,,3,9
铁道工程,2,2,,,,,1,
铁道工程技术,4,2,,,1,,4,5
铁道机械化维修技术,,,,,,,,1
铁道机车,3,1,,,1,,3,7
铁道车辆,3,1,,,1,,3,5
铁道通信与信息化技术,1,1,,,,,1,3
防雷技术,,,,,,,,1
防雷技术,,,,,,,,1
防雷技术,,,,,,,,1
阳明创新班,,,,1,1,,,
阳明创新班,1,1,1,,,,,
阿拉伯语,1,,,1,1,,,16
陶瓷制造工艺,,,,,,,,1
陶瓷艺术设计,,,,,,,,3
陶瓷设计与工艺,,,,,,,,6
集成电路设计与集成系统,12,4,1,,,,4,1
集装箱运输管理,,,,,,,,6
雕刻艺术设计,,,,1,,,1,4
雕塑,,,,,,,,19
雕塑,,,,,,,,1
雕塑,,,,,,,,1
零售业管理,,,,,,,,1
雷达工程,6,2,,,,,2,2
雷达工程,2,,,,,,,
雷达工程,2,,,,,,,
雷达工程,2,2,,,,,2,
雷达工程,2,2,,,,,2,
雷达工程,2,2,,,,,2,
青少年工作与管理,,,,,,,,1
非织造材料与工程,2,2,,,,,1,
非金属材料类,1,1,,,,,,
鞋类设计与工艺,,,,,1,,1,5
音乐与舞蹈学类,,,,,,,,4
音乐与舞蹈学类,,,,,,,,3
音乐与舞蹈学类,,,,,,,,1
音乐与舞蹈学类,,,,,,,,1
音乐与舞蹈学类,,,,,,,,1
音乐与舞蹈学类,,,,,,,,1
音乐与舞蹈学类,,,,,,,,1
音乐与舞蹈学类,,,,,,,,1
音乐制作,,,,,,,,2
音乐剧表演,,,,,,,,1
音乐学,,,,1,1,,,77
音乐学,,,,,,,,1
音乐学,,,,,,,,1
音乐学,,,,1,1,,1,
音乐学,,,,,,,,1
音乐学,,,,,,,,14
音乐学,,,,,,,,2
音乐学,,,,,,,,1
音乐学,,,,,,,,1
音乐学,,,,,,,,3
音乐学,,,,,,,,1
音乐学,,,,,,,,1
音乐教育,,,,,,,,3
音乐表演,,,,1,1,,1,80
音乐表演,,,,,,,,2
音乐表演,,,,,,,,2
音乐表演,,,,,,,,1
音乐表演,,,,,,,,1
音乐表演,,,,1,1,,1,
音乐表演,,,,1,1,,,3
音乐表演,,,,,,,,1
音乐表演,,,,,,,,1
音乐表演,,,,1,1,,,6
音乐表演,,,,,,,,1
音乐表演,,,,,,,,5
音乐表演,,,,,,,,1
音乐表演,,,,,,,,1
音乐表演,,,,,,,,1
音乐表演,,,,,,,,1
音乐表演,,,,,,,,1
音乐表演,,,,,,,,1
音乐表演,,,,,,,,1
音乐表演,,,,,,,,1
音乐表演,,,,,,,,1
音乐表演,,,,,,,,1
音乐表演,,,,,,,,1
音乐表演,,,,,,,,1
音乐表演,,,,,,,,1
音乐表演,,,,,,,,1
音乐表演,,,,,,,,1
音乐表演,,,,,,,,1
音乐表演,,,,,,,,1
音乐表演,,,,,,,,1
音乐表演,,,,,,,,1
音乐表演,,,,,,,,3
音乐表演,,,,,,,,3
音乐表演,,,,,,,,1
音乐表演,,,,,,,,1
音乐表演,,,,1,1,,,
音像技术,1,1,,,,,1,1
预警探测,2,,,,,,,
预警探测,2,2,,,,,2,
预警探测,2,2,,,,,2,
预防医学,44,55,47,,,,2,9
预防医学,3,3,2,,,,,
预防医学,1,1,1,,,,,
预防医学五年制,2,,2,,,,2,
预防医学八年制,2,2,4,,,,2,
风力发电工程技术,,,,,,,,2
风景园林,17,11,13,2,4,,2,42
风景园林,,,,,,,,1
风景园林,,,,,,,,1
风景园林,,,,,,,,1
风景园林,1,,1,,1,,,
风景园林,1,,,1,1,,,
风景园林设计,,,,1,1,,1,5
飞机机电设备维修,4,2,,,,,1,7
飞机机电设备维修,1,1,,,,,,
飞机电子设备维修,2,1,,,,,,6
飞机电子设备维修,,,,,,,,1
飞机电子设备维修,,,,,,,,1
飞机结构修理,,,,,,,,1
飞机部件修理,1,1,,,,,1,
飞行器制造工程,10,6,,,,,2,2
飞行器制造工程,1,1,1,,,,,
飞行器制造工程,1,1,,,,,1,
飞行器制造技术,1,1,,,,,,8
飞行器制造技术,,,,,,,,1
飞行器制造技术,,,,,,,,1
飞行器动力工程,4,3,,,,,1,2
飞行器动力工程,2,,,,,,,
飞行器动力工程,2,,,,,,,
飞行器动力工程,1,1,1,,,,,
飞行器动力工程,1,1,,,,,,
飞行器控制与信息工程,1,1,,,,,,
飞行器维修技术,,,,,,,,3
飞行器维修技术,,,,,,,,1
飞行器设计与工程,14,8,,,,,4,
飞行器适航技术,1,1,,,,,1,
飞行器适航技术,2,,,,,,,
飞行技术,1,1,,,,,1,3
食品加工技术,,,,,,,,8
食品加工技术,,,,,,,,1
食品加工技术,,1,1,,,,1,
食品加工技术,,,,,,,,1
食品卫生与营养学,5,8,8,1,,,1,1
食品工业类,1,1,1,,,,,
食品检测技术,,1,1,,,,1,2
食品生物技术,,1,1,,,,,6
食品生物技术,,,,,,,,1
食品科学与工程,56,65,61,,,,6,15
食品科学与工程,1,1,1,,,,,
食品科学与工程类,19,26,24,,,,,2
食品科学与工程类,3,3,3,,,,,1
食品科学与工程类,1,1,1,,,,,
食品药品监督管理,,,,,,,,3
食品药品监督管理,1,,1,,,,1,
食品药品监督管理,,1,1,,,,1,
食品药品管理类,,,,,,,,1
食品营养与卫生,,,,,,,,3
食品营养与检测,2,6,6,,,,3,16
食品营养与检验教育,3,3,3,,,,,
食品质量与安全,42,52,46,1,,,6,20
食品贮运与营销,,1,1,,,,1,1
食用菌生产与加工,,1,1,,,,,
餐饮管理,,,,1,1,,1,4
餐饮管理,,,1,1,,,1,
餐饮类,,,,,,,,1
餐饮类,,,1,1,,,1,
饲料与动物营养,,,,,,,,1
首饰设计与工艺,,,,,,,,11
香料香精技术与工程,1,1,,,,,,
马克思主义理论类,,,,1,,,,
高分子材料与工程,54,54,16,,,,13,6
高分子材料与工程,1,1,,,,,1,
高分子材料与工程,1,1,,,,,,
高分子材料与工程,1,1,1,,,,,
高分子材料加工技术,,,,,,,,1
高压输配电线路施工运行与维护,1,1,,,,,1,3
高压输配电线路施工运行与维护,,,,,,,,1
高尔夫球运动与管理,,,,,,,,6
高速铁路客运乘务,,1,,1,2,,2,13
高速铁路客运乘务,,,,,,,,1
高速铁道工程技术,2,1,,,,,1,3
麻醉学,26,32,26,,,,,
黑色冶金技术,,,,,,,,1
